Object,Group,Statistic,02/09/2025 00:00,02/09/2025 00:15,02/09/2025 00:30,02/09/2025 00:45,02/09/2025 01:00,02/09/2025 01:15,02/09/2025 01:30,02/09/2025 01:45,02/09/2025 02:00,02/09/2025 02:15,02/09/2025 02:30,02/09/2025 02:45,02/09/2025 03:00,02/09/2025 03:15,02/09/2025 03:30,02/09/2025 03:45,02/09/2025 04:00,02/09/2025 04:15,02/09/2025 04:30,02/09/2025 04:45,02/09/2025 05:00,02/09/2025 05:15,02/09/2025 05:30,02/09/2025 05:45,02/09/2025 06:00,02/09/2025 06:15,02/09/2025 06:30,02/09/2025 06:45,02/09/2025 07:00,02/09/2025 07:15,02/09/2025 07:30,02/09/2025 07:45,02/09/2025 08:00,02/09/2025 08:15,02/09/2025 08:30,02/09/2025 08:45,02/09/2025 09:00,02/09/2025 09:15,02/09/2025 09:30,02/09/2025 09:45,02/09/2025 10:00,02/09/2025 10:15,02/09/2025 10:30,02/09/2025 10:45,02/09/2025 11:00,02/09/2025 11:15,02/09/2025 11:30,02/09/2025 11:45,02/09/2025 12:00,02/09/2025 12:15,02/09/2025 12:30,02/09/2025 12:45,02/09/2025 13:00,02/09/2025 13:15,02/09/2025 13:30,02/09/2025 13:45,02/09/2025 14:00,02/09/2025 14:15,02/09/2025 14:30,02/09/2025 14:45,02/09/2025 15:00,02/09/2025 15:15,02/09/2025 15:30,02/09/2025 15:45,02/09/2025 16:00,02/09/2025 16:15,02/09/2025 16:30,02/09/2025 16:45,02/09/2025 17:00,02/09/2025 17:15,02/09/2025 17:30,02/09/2025 17:45,02/09/2025 18:00,02/09/2025 18:15,02/09/2025 18:30,02/09/2025 18:45,02/09/2025 19:00,02/09/2025 19:15,02/09/2025 19:30,02/09/2025 19:45,02/09/2025 20:00,02/09/2025 20:15,02/09/2025 20:30,02/09/2025 20:45,02/09/2025 21:00,02/09/2025 21:15,02/09/2025 21:30,02/09/2025 21:45,02/09/2025 22:00,02/09/2025 22:15,02/09/2025 22:30,02/09/2025 22:45,02/09/2025 23:00,02/09/2025 23:15,02/09/2025 23:30,02/09/2025 23:45
VQ_19_SDK_BIOMETRICO_SIP,KPIS,TalkTime,00:00:00,00:00:00,00:00:00,00:00:00,00:00:00,00:00:00,00:00:00,00:00:00,00:00:00,00:00:00,00:00:00,00:00:00,00:00:00,00:00:00,00:00:00,00:00:00,00:00:00,00:00:00,00:00:00,00:00:00,00:00:00,00:00:00,00:00:00,00:00:00,00:00:00,00:00:00,00:00:00,00:00:00,00:00:00,00:00:00,00:00:00,00:00:00,00:00:00,00:00:00,00:00:00,00:00:00,00:00:00,00:00:00,00:00:00,00:00:00,00:00:00,00:00:00,00:00:00,00:00:00,00:00:00,00:00:00,00:00:00,00:00:00,00:00:00,00:00:00,00:00:00,00:00:00,00:00:00,00:00:00,00:00:00,00:00:00,00:00:00,00:00:00,00:00:00,00:00:00,00:00:00,00:00:00,00:00:00,00:00:00,00:00:00,00:00:00,00:00:00,00:00:00,00:00:00,00:00:00,00:00:00,00:00:00,00:00:00,00:00:00,00:00:00,00:00:00,00:00:00,00:00:00,00:00:00,00:00:00,00:00:00,00:00:00,00:00:00,00:00:00,00:00:00,00:00:00,00:00:00,00:00:00,00:00:00,00:00:00,00:00:00,00:00:00,00:00:00,00:00:00,00:00:00,00:00:00
,,Recibidas,0,0,0,0,0,0,0,0,0,0,0,0,0,0,0,0,0,0,0,0,0,0,0,0,0,0,0,0,0,0,0,0,0,0,0,0,0,0,0,0,0,0,0,0,0,0,0,0,0,0,0,0,0,0,0,0,0,0,0,0,0,0,0,0,0,0,0,0,0,0,0,0,0,0,0,0,0,0,0,0,0,0,0,0,0,0,0,0,0,0,0,0,0,0,0,0
,,Contestadas,0,0,0,0,0,0,0,0,0,0,0,0,0,0,0,0,0,0,0,0,0,0,0,0,0,0,0,0,0,0,0,0,0,0,0,0,0,0,0,0,0,0,0,0,0,0,0,0,0,0,0,0,0,0,0,0,0,0,0,0,0,0,0,0,0,0,0,0,0,0,0,0,0,0,0,0,0,0,0,0,0,0,0,0,0,0,0,0,0,0,0,0,0,0,0,0
,,AHT,0,0,0,0,0,0,0,0,0,0,0,0,0,0,0,0,0,0,0,0,0,0,0,0,0,0,0,0,0,0,0,0,0,0,0,0,0,0,0,0,0,0,0,0,0,0,0,0,0,0,0,0,0,0,0,0,0,0,0,0,0,0,0,0,0,0,0,0,0,0,0,0,0,0,0,0,0,0,0,0,0,0,0,0,0,0,0,0,0,0,0,0,0,0,0,0
,,prcAbandono,0,0,0,0,0,0,0,0,0,0,0,0,0,0,0,0,0,0,0,0,0,0,0,0,0,0,0,0,0,0,0,0,0,0,0,0,0,0,0,0,0,0,0,0,0,0,0,0,0,0,0,0,0,0,0,0,0,0,0,0,0,0,0,0,0,0,0,0,0,0,0,0,0,0,0,0,0,0,0,0,0,0,0,0,0,0,0,0,0,0,0,0,0,0,0,0
,,SL,0,0,0,0,0,0,0,0,0,0,0,0,0,0,0,0,0,0,0,0,0,0,0,0,0,0,0,0,0,0,0,0,0,0,0,0,0,0,0,0,0,0,0,0,0,0,0,0,0,0,0,0,0,0,0,0,0,0,0,0,0,0,0,0,0,0,0,0,0,0,0,0,0,0,0,0,0,0,0,0,0,0,0,0,0,0,0,0,0,0,0,0,0,0,0,0
,,ASA,00:00:00,00:00:00,00:00:00,00:00:00,00:00:00,00:00:00,00:00:00,00:00:00,00:00:00,00:00:00,00:00:00,00:00:00,00:00:00,00:00:00,00:00:00,00:00:00,00:00:00,00:00:00,00:00:00,00:00:00,00:00:00,00:00:00,00:00:00,00:00:00,00:00:00,00:00:00,00:00:00,00:00:00,00:00:00,00:00:00,00:00:00,00:00:00,00:00:00,00:00:00,00:00:00,00:00:00,00:00:00,00:00:00,00:00:00,00:00:00,00:00:00,00:00:00,00:00:00,00:00:00,00:00:00,00:00:00,00:00:00,00:00:00,00:00:00,00:00:00,00:00:00,00:00:00,00:00:00,00:00:00,00:00:00,00:00:00,00:00:00,00:00:00,00:00:00,00:00:00,00:00:00,00:00:00,00:00:00,00:00:00,00:00:00,00:00:00,00:00:00,00:00:00,00:00:00,00:00:00,00:00:00,00:00:00,00:00:00,00:00:00,00:00:00,00:00:00,00:00:00,00:00:00,00:00:00,00:00:00,00:00:00,00:00:00,00:00:00,00:00:00,00:00:00,00:00:00,00:00:00,00:00:00,00:00:00,00:00:00,00:00:00,00:00:00,00:00:00,00:00:00,00:00:00,00:00:00
,,Aba_<10_seg,0,0,0,0,0,0,0,0,0,0,0,0,0,0,0,0,0,0,0,0,0,0,0,0,0,0,0,0,0,0,0,0,0,0,0,0,0,0,0,0,0,0,0,0,0,0,0,0,0,0,0,0,0,0,0,0,0,0,0,0,0,0,0,0,0,0,0,0,0,0,0,0,0,0,0,0,0,0,0,0,0,0,0,0,0,0,0,0,0,0,0,0,0,0,0,0
,,Abandonas,0,0,0,0,0,0,0,0,0,0,0,0,0,0,0,0,0,0,0,0,0,0,0,0,0,0,0,0,0,0,0,0,0,0,0,0,0,0,0,0,0,0,0,0,0,0,0,0,0,0,0,0,0,0,0,0,0,0,0,0,0,0,0,0,0,0,0,0,0,0,0,0,0,0,0,0,0,0,0,0,0,0,0,0,0,0,0,0,0,0,0,0,0,0,0,0
,,Promedio_Aba,00:00:00,00:00:00,00:00:00,00:00:00,00:00:00,00:00:00,00:00:00,00:00:00,00:00:00,00:00:00,00:00:00,00:00:00,00:00:00,00:00:00,00:00:00,00:00:00,00:00:00,00:00:00,00:00:00,00:00:00,00:00:00,00:00:00,00:00:00,00:00:00,00:00:00,00:00:00,00:00:00,00:00:00,00:00:00,00:00:00,00:00:00,00:00:00,00:00:00,00:00:00,00:00:00,00:00:00,00:00:00,00:00:00,00:00:00,00:00:00,00:00:00,00:00:00,00:00:00,00:00:00,00:00:00,00:00:00,00:00:00,00:00:00,00:00:00,00:00:00,00:00:00,00:00:00,00:00:00,00:00:00,00:00:00,00:00:00,00:00:00,00:00:00,00:00:00,00:00:00,00:00:00,00:00:00,00:00:00,00:00:00,00:00:00,00:00:00,00:00:00,00:00:00,00:00:00,00:00:00,00:00:00,00:00:00,00:00:00,00:00:00,00:00:00,00:00:00,00:00:00,00:00:00,00:00:00,00:00:00,00:00:00,00:00:00,00:00:00,00:00:00,00:00:00,00:00:00,00:00:00,00:00:00,00:00:00,00:00:00,00:00:00,00:00:00,00:00:00,00:00:00,00:00:00,00:00:00
,,TotalCleared,0,0,0,0,0,0,0,0,0,0,0,0,0,0,0,0,0,0,0,0,0,0,0,0,0,0,0,0,0,0,0,0,0,0,0,0,0,0,0,0,0,0,0,0,0,0,0,0,0,0,0,0,0,0,0,0,0,0,0,0,0,0,0,0,0,0,0,0,0,0,0,0,0,0,0,0,0,0,0,0,0,0,0,0,0,0,0,0,0,0,0,0,0,0,0,0
VQ_238_SOVEREIGN_SIP,KPIS,TalkTime,00:00:00,00:00:00,00:00:00,00:00:00,00:00:00,00:00:00,00:00:00,00:00:00,00:00:00,00:00:00,00:00:00,00:00:00,00:00:00,00:00:00,00:00:00,00:00:00,00:00:00,00:00:00,00:00:00,00:00:00,00:00:00,00:00:00,00:00:00,00:00:00,00:00:00,00:00:00,00:00:00,00:00:00,00:00:00,00:00:00,00:00:00,00:00:00,00:00:00,00:00:00,00:00:00,00:00:00,00:00:00,00:00:00,00:00:00,00:00:00,00:00:00,00:00:00,00:00:00,00:00:00,00:00:00,00:00:00,00:00:00,00:00:00,00:00:00,00:00:00,00:00:00,00:00:00,00:00:00,00:00:00,00:00:00,00:00:00,00:00:00,00:00:00,00:00:00,00:00:00,00:00:00,00:00:00,00:00:00,00:00:00,00:00:00,00:00:00,00:00:00,00:00:00,00:00:00,00:00:00,00:00:00,00:00:00,00:00:00,00:00:00,00:00:00,00:00:00,00:00:00,00:00:00,00:00:00,00:00:00,00:00:00,00:00:00,00:00:00,00:00:00,00:00:00,00:00:00,00:00:00,00:00:00,00:00:00,00:00:00,00:00:00,00:00:00,00:00:00,00:00:00,00:00:00,00:00:00
,,Recibidas,0,0,0,0,0,0,0,0,0,0,0,0,0,0,0,0,0,0,0,0,0,0,0,0,0,0,0,0,0,0,0,0,0,0,0,0,0,0,0,0,0,0,0,0,0,0,0,0,0,0,0,0,0,0,0,0,0,0,0,0,0,0,0,0,0,0,0,0,0,0,0,0,0,0,0,0,0,0,0,0,0,0,0,0,0,0,0,0,0,0,0,0,0,0,0,0
,,Contestadas,0,0,0,0,0,0,0,0,0,0,0,0,0,0,0,0,0,0,0,0,0,0,0,0,0,0,0,0,0,0,0,0,0,0,0,0,0,0,0,0,0,0,0,0,0,0,0,0,0,0,0,0,0,0,0,0,0,0,0,0,0,0,0,0,0,0,0,0,0,0,0,0,0,0,0,0,0,0,0,0,0,0,0,0,0,0,0,0,0,0,0,0,0,0,0,0
,,AHT,0,0,0,0,0,0,0,0,0,0,0,0,0,0,0,0,0,0,0,0,0,0,0,0,0,0,0,0,0,0,0,0,0,0,0,0,0,0,0,0,0,0,0,0,0,0,0,0,0,0,0,0,0,0,0,0,0,0,0,0,0,0,0,0,0,0,0,0,0,0,0,0,0,0,0,0,0,0,0,0,0,0,0,0,0,0,0,0,0,0,0,0,0,0,0,0
,,prcAbandono,0,0,0,0,0,0,0,0,0,0,0,0,0,0,0,0,0,0,0,0,0,0,0,0,0,0,0,0,0,0,0,0,0,0,0,0,0,0,0,0,0,0,0,0,0,0,0,0,0,0,0,0,0,0,0,0,0,0,0,0,0,0,0,0,0,0,0,0,0,0,0,0,0,0,0,0,0,0,0,0,0,0,0,0,0,0,0,0,0,0,0,0,0,0,0,0
,,SL,0,0,0,0,0,0,0,0,0,0,0,0,0,0,0,0,0,0,0,0,0,0,0,0,0,0,0,0,0,0,0,0,0,0,0,0,0,0,0,0,0,0,0,0,0,0,0,0,0,0,0,0,0,0,0,0,0,0,0,0,0,0,0,0,0,0,0,0,0,0,0,0,0,0,0,0,0,0,0,0,0,0,0,0,0,0,0,0,0,0,0,0,0,0,0,0
,,ASA,00:00:00,00:00:00,00:00:00,00:00:00,00:00:00,00:00:00,00:00:00,00:00:00,00:00:00,00:00:00,00:00:00,00:00:00,00:00:00,00:00:00,00:00:00,00:00:00,00:00:00,00:00:00,00:00:00,00:00:00,00:00:00,00:00:00,00:00:00,00:00:00,00:00:00,00:00:00,00:00:00,00:00:00,00:00:00,00:00:00,00:00:00,00:00:00,00:00:00,00:00:00,00:00:00,00:00:00,00:00:00,00:00:00,00:00:00,00:00:00,00:00:00,00:00:00,00:00:00,00:00:00,00:00:00,00:00:00,00:00:00,00:00:00,00:00:00,00:00:00,00:00:00,00:00:00,00:00:00,00:00:00,00:00:00,00:00:00,00:00:00,00:00:00,00:00:00,00:00:00,00:00:00,00:00:00,00:00:00,00:00:00,00:00:00,00:00:00,00:00:00,00:00:00,00:00:00,00:00:00,00:00:00,00:00:00,00:00:00,00:00:00,00:00:00,00:00:00,00:00:00,00:00:00,00:00:00,00:00:00,00:00:00,00:00:00,00:00:00,00:00:00,00:00:00,00:00:00,00:00:00,00:00:00,00:00:00,00:00:00,00:00:00,00:00:00,00:00:00,00:00:00,00:00:00,00:00:00
,,Aba_<10_seg,0,0,0,0,0,0,0,0,0,0,0,0,0,0,0,0,0,0,0,0,0,0,0,0,0,0,0,0,0,0,0,0,0,0,0,0,0,0,0,0,0,0,0,0,0,0,0,0,0,0,0,0,0,0,0,0,0,0,0,0,0,0,0,0,0,0,0,0,0,0,0,0,0,0,0,0,0,0,0,0,0,0,0,0,0,0,0,0,0,0,0,0,0,0,0,0
,,Abandonas,0,0,0,0,0,0,0,0,0,0,0,0,0,0,0,0,0,0,0,0,0,0,0,0,0,0,0,0,0,0,0,0,0,0,0,0,0,0,0,0,0,0,0,0,0,0,0,0,0,0,0,0,0,0,0,0,0,0,0,0,0,0,0,0,0,0,0,0,0,0,0,0,0,0,0,0,0,0,0,0,0,0,0,0,0,0,0,0,0,0,0,0,0,0,0,0
,,Promedio_Aba,00:00:00,00:00:00,00:00:00,00:00:00,00:00:00,00:00:00,00:00:00,00:00:00,00:00:00,00:00:00,00:00:00,00:00:00,00:00:00,00:00:00,00:00:00,00:00:00,00:00:00,00:00:00,00:00:00,00:00:00,00:00:00,00:00:00,00:00:00,00:00:00,00:00:00,00:00:00,00:00:00,00:00:00,00:00:00,00:00:00,00:00:00,00:00:00,00:00:00,00:00:00,00:00:00,00:00:00,00:00:00,00:00:00,00:00:00,00:00:00,00:00:00,00:00:00,00:00:00,00:00:00,00:00:00,00:00:00,00:00:00,00:00:00,00:00:00,00:00:00,00:00:00,00:00:00,00:00:00,00:00:00,00:00:00,00:00:00,00:00:00,00:00:00,00:00:00,00:00:00,00:00:00,00:00:00,00:00:00,00:00:00,00:00:00,00:00:00,00:00:00,00:00:00,00:00:00,00:00:00,00:00:00,00:00:00,00:00:00,00:00:00,00:00:00,00:00:00,00:00:00,00:00:00,00:00:00,00:00:00,00:00:00,00:00:00,00:00:00,00:00:00,00:00:00,00:00:00,00:00:00,00:00:00,00:00:00,00:00:00,00:00:00,00:00:00,00:00:00,00:00:00,00:00:00,00:00:00
,,TotalCleared,0,0,0,0,0,0,0,0,0,0,0,0,0,0,0,0,0,0,0,0,0,0,0,0,0,0,0,0,0,0,0,0,0,0,0,0,0,0,0,0,0,0,0,0,0,0,0,0,0,0,0,0,0,0,0,0,0,0,0,0,0,0,0,0,0,0,0,0,0,0,0,0,0,0,0,0,0,0,0,0,0,0,0,0,0,0,0,0,0,0,0,0,0,0,0,0
VQ_244_SC_PAISES_SIP,KPIS,TalkTime,00:00:00,00:00:00,00:00:00,00:00:00,00:00:00,00:00:00,00:00:00,00:00:00,00:00:00,00:00:00,00:00:00,00:00:00,00:00:00,00:00:00,00:00:00,00:00:00,00:00:00,00:00:00,00:00:00,00:00:00,00:00:00,00:00:00,00:00:00,00:00:00,00:00:00,00:00:00,00:00:00,00:00:00,00:00:00,00:00:00,00:00:00,00:00:00,00:00:00,00:00:00,00:00:00,00:00:00,00:00:00,00:00:00,00:00:00,00:00:00,00:00:00,00:00:00,00:00:00,00:00:00,00:00:00,00:00:00,00:00:00,00:00:00,00:00:00,00:00:00,00:00:00,00:00:00,00:00:00,00:00:00,00:00:00,00:00:00,00:00:00,00:00:00,00:00:00,00:00:00,00:00:00,00:00:00,00:00:00,00:00:00,00:00:00,00:00:00,00:00:00,00:00:00,00:00:00,00:00:00,00:00:00,00:00:00,00:00:00,00:00:00,00:00:00,00:00:00,00:00:00,00:00:00,00:00:00,00:00:00,00:00:00,00:00:00,00:00:00,00:00:00,00:00:00,00:00:00,00:00:00,00:00:00,00:00:00,00:00:00,00:00:00,00:00:00,00:00:00,00:00:00,00:00:00,00:00:00
,,Recibidas,0,0,0,0,0,0,0,0,0,0,0,0,0,0,0,0,0,0,0,0,0,0,0,0,0,0,0,0,0,0,0,0,0,0,0,0,0,0,0,0,0,0,0,0,0,0,0,0,0,0,0,0,0,0,0,0,0,0,0,0,0,0,0,0,0,0,0,0,0,0,0,0,0,0,0,0,0,0,0,0,0,0,0,0,0,0,0,0,0,0,0,0,0,0,0,0
,,Contestadas,0,0,0,0,0,0,0,0,0,0,0,0,0,0,0,0,0,0,0,0,0,0,0,0,0,0,0,0,0,0,0,0,0,0,0,0,0,0,0,0,0,0,0,0,0,0,0,0,0,0,0,0,0,0,0,0,0,0,0,0,0,0,0,0,0,0,0,0,0,0,0,0,0,0,0,0,0,0,0,0,0,0,0,0,0,0,0,0,0,0,0,0,0,0,0,0
,,AHT,0,0,0,0,0,0,0,0,0,0,0,0,0,0,0,0,0,0,0,0,0,0,0,0,0,0,0,0,0,0,0,0,0,0,0,0,0,0,0,0,0,0,0,0,0,0,0,0,0,0,0,0,0,0,0,0,0,0,0,0,0,0,0,0,0,0,0,0,0,0,0,0,0,0,0,0,0,0,0,0,0,0,0,0,0,0,0,0,0,0,0,0,0,0,0,0
,,prcAbandono,0,0,0,0,0,0,0,0,0,0,0,0,0,0,0,0,0,0,0,0,0,0,0,0,0,0,0,0,0,0,0,0,0,0,0,0,0,0,0,0,0,0,0,0,0,0,0,0,0,0,0,0,0,0,0,0,0,0,0,0,0,0,0,0,0,0,0,0,0,0,0,0,0,0,0,0,0,0,0,0,0,0,0,0,0,0,0,0,0,0,0,0,0,0,0,0
,,SL,0,0,0,0,0,0,0,0,0,0,0,0,0,0,0,0,0,0,0,0,0,0,0,0,0,0,0,0,0,0,0,0,0,0,0,0,0,0,0,0,0,0,0,0,0,0,0,0,0,0,0,0,0,0,0,0,0,0,0,0,0,0,0,0,0,0,0,0,0,0,0,0,0,0,0,0,0,0,0,0,0,0,0,0,0,0,0,0,0,0,0,0,0,0,0,0
,,ASA,00:00:00,00:00:00,00:00:00,00:00:00,00:00:00,00:00:00,00:00:00,00:00:00,00:00:00,00:00:00,00:00:00,00:00:00,00:00:00,00:00:00,00:00:00,00:00:00,00:00:00,00:00:00,00:00:00,00:00:00,00:00:00,00:00:00,00:00:00,00:00:00,00:00:00,00:00:00,00:00:00,00:00:00,00:00:00,00:00:00,00:00:00,00:00:00,00:00:00,00:00:00,00:00:00,00:00:00,00:00:00,00:00:00,00:00:00,00:00:00,00:00:00,00:00:00,00:00:00,00:00:00,00:00:00,00:00:00,00:00:00,00:00:00,00:00:00,00:00:00,00:00:00,00:00:00,00:00:00,00:00:00,00:00:00,00:00:00,00:00:00,00:00:00,00:00:00,00:00:00,00:00:00,00:00:00,00:00:00,00:00:00,00:00:00,00:00:00,00:00:00,00:00:00,00:00:00,00:00:00,00:00:00,00:00:00,00:00:00,00:00:00,00:00:00,00:00:00,00:00:00,00:00:00,00:00:00,00:00:00,00:00:00,00:00:00,00:00:00,00:00:00,00:00:00,00:00:00,00:00:00,00:00:00,00:00:00,00:00:00,00:00:00,00:00:00,00:00:00,00:00:00,00:00:00,00:00:00
,,Aba_<10_seg,0,0,0,0,0,0,0,0,0,0,0,0,0,0,0,0,0,0,0,0,0,0,0,0,0,0,0,0,0,0,0,0,0,0,0,0,0,0,0,0,0,0,0,0,0,0,0,0,0,0,0,0,0,0,0,0,0,0,0,0,0,0,0,0,0,0,0,0,0,0,0,0,0,0,0,0,0,0,0,0,0,0,0,0,0,0,0,0,0,0,0,0,0,0,0,0
,,Abandonas,0,0,0,0,0,0,0,0,0,0,0,0,0,0,0,0,0,0,0,0,0,0,0,0,0,0,0,0,0,0,0,0,0,0,0,0,0,0,0,0,0,0,0,0,0,0,0,0,0,0,0,0,0,0,0,0,0,0,0,0,0,0,0,0,0,0,0,0,0,0,0,0,0,0,0,0,0,0,0,0,0,0,0,0,0,0,0,0,0,0,0,0,0,0,0,0
,,Promedio_Aba,00:00:00,00:00:00,00:00:00,00:00:00,00:00:00,00:00:00,00:00:00,00:00:00,00:00:00,00:00:00,00:00:00,00:00:00,00:00:00,00:00:00,00:00:00,00:00:00,00:00:00,00:00:00,00:00:00,00:00:00,00:00:00,00:00:00,00:00:00,00:00:00,00:00:00,00:00:00,00:00:00,00:00:00,00:00:00,00:00:00,00:00:00,00:00:00,00:00:00,00:00:00,00:00:00,00:00:00,00:00:00,00:00:00,00:00:00,00:00:00,00:00:00,00:00:00,00:00:00,00:00:00,00:00:00,00:00:00,00:00:00,00:00:00,00:00:00,00:00:00,00:00:00,00:00:00,00:00:00,00:00:00,00:00:00,00:00:00,00:00:00,00:00:00,00:00:00,00:00:00,00:00:00,00:00:00,00:00:00,00:00:00,00:00:00,00:00:00,00:00:00,00:00:00,00:00:00,00:00:00,00:00:00,00:00:00,00:00:00,00:00:00,00:00:00,00:00:00,00:00:00,00:00:00,00:00:00,00:00:00,00:00:00,00:00:00,00:00:00,00:00:00,00:00:00,00:00:00,00:00:00,00:00:00,00:00:00,00:00:00,00:00:00,00:00:00,00:00:00,00:00:00,00:00:00,00:00:00
,,TotalCleared,0,0,0,0,0,0,0,0,0,0,0,0,0,0,0,0,0,0,0,0,0,0,0,0,0,0,0,0,0,0,0,0,0,0,0,0,0,0,0,0,0,0,0,0,0,0,0,0,0,0,0,0,0,0,0,0,0,0,0,0,0,0,0,0,0,0,0,0,0,0,0,0,0,0,0,0,0,0,0,0,0,0,0,0,0,0,0,0,0,0,0,0,0,0,0,0
VQ_246_SC_ALTEC_SIP,KPIS,TalkTime,00:00:00,00:00:00,00:00:00,00:00:00,00:00:00,00:00:00,00:00:00,00:00:00,00:00:00,00:00:00,00:00:00,00:00:00,00:00:00,00:00:00,00:00:00,00:00:00,00:00:00,00:00:00,00:00:00,00:00:00,00:00:00,00:00:00,00:00:00,00:00:00,00:00:00,00:00:00,00:00:00,00:00:00,00:00:00,00:00:00,00:00:00,00:00:00,00:00:00,00:00:00,00:00:00,00:00:00,00:00:00,00:00:00,00:00:00,00:00:00,00:00:00,00:00:00,00:00:00,00:00:00,00:00:00,00:00:00,00:00:00,00:00:00,00:00:00,00:00:00,00:00:00,00:00:00,00:00:00,00:00:00,00:00:00,00:00:00,00:00:00,00:00:00,00:00:00,00:00:00,00:00:00,00:00:00,00:00:00,00:00:00,00:00:00,00:00:00,00:00:00,00:00:00,00:00:00,00:00:00,00:00:00,00:00:00,00:00:00,00:00:00,00:00:00,00:00:00,00:00:00,00:00:00,00:00:00,00:00:00,00:00:00,00:00:00,00:00:00,00:00:00,00:00:00,00:00:00,00:00:00,00:00:00,00:00:00,00:00:00,00:00:00,00:00:00,00:00:00,00:00:00,00:00:00,00:00:00
,,Recibidas,0,0,0,0,0,0,0,0,0,0,0,0,0,0,0,0,0,0,0,0,0,0,0,0,0,0,0,0,0,0,0,0,0,0,0,0,0,0,0,0,0,0,0,0,0,0,0,0,0,0,0,0,0,0,0,0,0,0,0,0,0,0,0,0,0,0,0,0,0,0,0,0,0,0,0,0,0,0,0,0,0,0,0,0,0,0,0,0,0,0,0,0,0,0,0,0
,,Contestadas,0,0,0,0,0,0,0,0,0,0,0,0,0,0,0,0,0,0,0,0,0,0,0,0,0,0,0,0,0,0,0,0,0,0,0,0,0,0,0,0,0,0,0,0,0,0,0,0,0,0,0,0,0,0,0,0,0,0,0,0,0,0,0,0,0,0,0,0,0,0,0,0,0,0,0,0,0,0,0,0,0,0,0,0,0,0,0,0,0,0,0,0,0,0,0,0
,,AHT,0,0,0,0,0,0,0,0,0,0,0,0,0,0,0,0,0,0,0,0,0,0,0,0,0,0,0,0,0,0,0,0,0,0,0,0,0,0,0,0,0,0,0,0,0,0,0,0,0,0,0,0,0,0,0,0,0,0,0,0,0,0,0,0,0,0,0,0,0,0,0,0,0,0,0,0,0,0,0,0,0,0,0,0,0,0,0,0,0,0,0,0,0,0,0,0
,,prcAbandono,0,0,0,0,0,0,0,0,0,0,0,0,0,0,0,0,0,0,0,0,0,0,0,0,0,0,0,0,0,0,0,0,0,0,0,0,0,0,0,0,0,0,0,0,0,0,0,0,0,0,0,0,0,0,0,0,0,0,0,0,0,0,0,0,0,0,0,0,0,0,0,0,0,0,0,0,0,0,0,0,0,0,0,0,0,0,0,0,0,0,0,0,0,0,0,0
,,SL,0,0,0,0,0,0,0,0,0,0,0,0,0,0,0,0,0,0,0,0,0,0,0,0,0,0,0,0,0,0,0,0,0,0,0,0,0,0,0,0,0,0,0,0,0,0,0,0,0,0,0,0,0,0,0,0,0,0,0,0,0,0,0,0,0,0,0,0,0,0,0,0,0,0,0,0,0,0,0,0,0,0,0,0,0,0,0,0,0,0,0,0,0,0,0,0
,,ASA,00:00:00,00:00:00,00:00:00,00:00:00,00:00:00,00:00:00,00:00:00,00:00:00,00:00:00,00:00:00,00:00:00,00:00:00,00:00:00,00:00:00,00:00:00,00:00:00,00:00:00,00:00:00,00:00:00,00:00:00,00:00:00,00:00:00,00:00:00,00:00:00,00:00:00,00:00:00,00:00:00,00:00:00,00:00:00,00:00:00,00:00:00,00:00:00,00:00:00,00:00:00,00:00:00,00:00:00,00:00:00,00:00:00,00:00:00,00:00:00,00:00:00,00:00:00,00:00:00,00:00:00,00:00:00,00:00:00,00:00:00,00:00:00,00:00:00,00:00:00,00:00:00,00:00:00,00:00:00,00:00:00,00:00:00,00:00:00,00:00:00,00:00:00,00:00:00,00:00:00,00:00:00,00:00:00,00:00:00,00:00:00,00:00:00,00:00:00,00:00:00,00:00:00,00:00:00,00:00:00,00:00:00,00:00:00,00:00:00,00:00:00,00:00:00,00:00:00,00:00:00,00:00:00,00:00:00,00:00:00,00:00:00,00:00:00,00:00:00,00:00:00,00:00:00,00:00:00,00:00:00,00:00:00,00:00:00,00:00:00,00:00:00,00:00:00,00:00:00,00:00:00,00:00:00,00:00:00
,,Aba_<10_seg,0,0,0,0,0,0,0,0,0,0,0,0,0,0,0,0,0,0,0,0,0,0,0,0,0,0,0,0,0,0,0,0,0,0,0,0,0,0,0,0,0,0,0,0,0,0,0,0,0,0,0,0,0,0,0,0,0,0,0,0,0,0,0,0,0,0,0,0,0,0,0,0,0,0,0,0,0,0,0,0,0,0,0,0,0,0,0,0,0,0,0,0,0,0,0,0
,,Abandonas,0,0,0,0,0,0,0,0,0,0,0,0,0,0,0,0,0,0,0,0,0,0,0,0,0,0,0,0,0,0,0,0,0,0,0,0,0,0,0,0,0,0,0,0,0,0,0,0,0,0,0,0,0,0,0,0,0,0,0,0,0,0,0,0,0,0,0,0,0,0,0,0,0,0,0,0,0,0,0,0,0,0,0,0,0,0,0,0,0,0,0,0,0,0,0,0
,,Promedio_Aba,00:00:00,00:00:00,00:00:00,00:00:00,00:00:00,00:00:00,00:00:00,00:00:00,00:00:00,00:00:00,00:00:00,00:00:00,00:00:00,00:00:00,00:00:00,00:00:00,00:00:00,00:00:00,00:00:00,00:00:00,00:00:00,00:00:00,00:00:00,00:00:00,00:00:00,00:00:00,00:00:00,00:00:00,00:00:00,00:00:00,00:00:00,00:00:00,00:00:00,00:00:00,00:00:00,00:00:00,00:00:00,00:00:00,00:00:00,00:00:00,00:00:00,00:00:00,00:00:00,00:00:00,00:00:00,00:00:00,00:00:00,00:00:00,00:00:00,00:00:00,00:00:00,00:00:00,00:00:00,00:00:00,00:00:00,00:00:00,00:00:00,00:00:00,00:00:00,00:00:00,00:00:00,00:00:00,00:00:00,00:00:00,00:00:00,00:00:00,00:00:00,00:00:00,00:00:00,00:00:00,00:00:00,00:00:00,00:00:00,00:00:00,00:00:00,00:00:00,00:00:00,00:00:00,00:00:00,00:00:00,00:00:00,00:00:00,00:00:00,00:00:00,00:00:00,00:00:00,00:00:00,00:00:00,00:00:00,00:00:00,00:00:00,00:00:00,00:00:00,00:00:00,00:00:00,00:00:00
,,TotalCleared,0,0,0,0,0,0,0,0,0,0,0,0,0,0,0,0,0,0,0,0,0,0,0,0,0,0,0,0,0,0,0,0,0,0,0,0,0,0,0,0,0,0,0,0,0,0,0,0,0,0,0,0,0,0,0,0,0,0,0,0,0,0,0,0,0,0,0,0,0,0,0,0,0,0,0,0,0,0,0,0,0,0,0,0,0,0,0,0,0,0,0,0,0,0,0,0
VQ_248_SC_OGD_SIP,KPIS,TalkTime,00:00:00,00:00:00,00:00:00,00:00:00,00:00:00,00:00:00,00:00:00,00:00:00,00:00:00,00:00:00,00:00:00,00:00:00,00:00:00,00:00:00,00:00:00,00:00:00,00:00:00,00:00:00,00:00:00,00:00:00,00:00:00,00:00:00,00:00:00,00:00:00,00:00:00,00:00:00,00:00:00,00:00:00,00:00:00,00:00:00,00:00:00,00:00:00,00:00:00,00:00:00,00:00:00,00:00:00,00:00:00,00:00:00,00:00:00,00:00:00,00:00:00,00:00:00,00:00:00,00:00:00,00:00:00,00:00:00,00:00:00,00:00:00,00:00:00,00:00:00,00:00:00,00:00:00,00:00:00,00:00:00,00:00:00,00:00:00,00:00:00,00:00:00,00:00:00,00:00:00,00:00:00,00:00:00,00:00:00,00:00:00,00:00:00,00:00:00,00:00:00,00:00:00,00:00:00,00:00:00,00:00:00,00:00:00,00:00:00,00:00:00,00:00:00,00:00:00,00:00:00,00:00:00,00:00:00,00:00:00,00:00:00,00:00:00,00:00:00,00:00:00,00:00:00,00:00:00,00:00:00,00:00:00,00:00:00,00:00:00,00:00:00,00:00:00,00:00:00,00:00:00,00:00:00,00:00:00
,,Recibidas,0,0,0,0,0,0,0,0,0,0,0,0,0,0,0,0,0,0,0,0,0,0,0,0,0,0,0,0,0,0,0,0,0,0,0,0,0,0,0,0,0,0,0,0,0,0,0,0,0,0,0,0,0,0,0,0,0,0,0,0,0,0,0,0,0,0,0,0,0,0,0,0,0,0,0,0,0,0,0,0,0,0,0,0,0,0,0,0,0,0,0,0,0,0,0,0
,,Contestadas,0,0,0,0,0,0,0,0,0,0,0,0,0,0,0,0,0,0,0,0,0,0,0,0,0,0,0,0,0,0,0,0,0,0,0,0,0,0,0,0,0,0,0,0,0,0,0,0,0,0,0,0,0,0,0,0,0,0,0,0,0,0,0,0,0,0,0,0,0,0,0,0,0,0,0,0,0,0,0,0,0,0,0,0,0,0,0,0,0,0,0,0,0,0,0,0
,,AHT,0,0,0,0,0,0,0,0,0,0,0,0,0,0,0,0,0,0,0,0,0,0,0,0,0,0,0,0,0,0,0,0,0,0,0,0,0,0,0,0,0,0,0,0,0,0,0,0,0,0,0,0,0,0,0,0,0,0,0,0,0,0,0,0,0,0,0,0,0,0,0,0,0,0,0,0,0,0,0,0,0,0,0,0,0,0,0,0,0,0,0,0,0,0,0,0
,,prcAbandono,0,0,0,0,0,0,0,0,0,0,0,0,0,0,0,0,0,0,0,0,0,0,0,0,0,0,0,0,0,0,0,0,0,0,0,0,0,0,0,0,0,0,0,0,0,0,0,0,0,0,0,0,0,0,0,0,0,0,0,0,0,0,0,0,0,0,0,0,0,0,0,0,0,0,0,0,0,0,0,0,0,0,0,0,0,0,0,0,0,0,0,0,0,0,0,0
,,SL,0,0,0,0,0,0,0,0,0,0,0,0,0,0,0,0,0,0,0,0,0,0,0,0,0,0,0,0,0,0,0,0,0,0,0,0,0,0,0,0,0,0,0,0,0,0,0,0,0,0,0,0,0,0,0,0,0,0,0,0,0,0,0,0,0,0,0,0,0,0,0,0,0,0,0,0,0,0,0,0,0,0,0,0,0,0,0,0,0,0,0,0,0,0,0,0
,,ASA,00:00:00,00:00:00,00:00:00,00:00:00,00:00:00,00:00:00,00:00:00,00:00:00,00:00:00,00:00:00,00:00:00,00:00:00,00:00:00,00:00:00,00:00:00,00:00:00,00:00:00,00:00:00,00:00:00,00:00:00,00:00:00,00:00:00,00:00:00,00:00:00,00:00:00,00:00:00,00:00:00,00:00:00,00:00:00,00:00:00,00:00:00,00:00:00,00:00:00,00:00:00,00:00:00,00:00:00,00:00:00,00:00:00,00:00:00,00:00:00,00:00:00,00:00:00,00:00:00,00:00:00,00:00:00,00:00:00,00:00:00,00:00:00,00:00:00,00:00:00,00:00:00,00:00:00,00:00:00,00:00:00,00:00:00,00:00:00,00:00:00,00:00:00,00:00:00,00:00:00,00:00:00,00:00:00,00:00:00,00:00:00,00:00:00,00:00:00,00:00:00,00:00:00,00:00:00,00:00:00,00:00:00,00:00:00,00:00:00,00:00:00,00:00:00,00:00:00,00:00:00,00:00:00,00:00:00,00:00:00,00:00:00,00:00:00,00:00:00,00:00:00,00:00:00,00:00:00,00:00:00,00:00:00,00:00:00,00:00:00,00:00:00,00:00:00,00:00:00,00:00:00,00:00:00,00:00:00
,,Aba_<10_seg,0,0,0,0,0,0,0,0,0,0,0,0,0,0,0,0,0,0,0,0,0,0,0,0,0,0,0,0,0,0,0,0,0,0,0,0,0,0,0,0,0,0,0,0,0,0,0,0,0,0,0,0,0,0,0,0,0,0,0,0,0,0,0,0,0,0,0,0,0,0,0,0,0,0,0,0,0,0,0,0,0,0,0,0,0,0,0,0,0,0,0,0,0,0,0,0
,,Abandonas,0,0,0,0,0,0,0,0,0,0,0,0,0,0,0,0,0,0,0,0,0,0,0,0,0,0,0,0,0,0,0,0,0,0,0,0,0,0,0,0,0,0,0,0,0,0,0,0,0,0,0,0,0,0,0,0,0,0,0,0,0,0,0,0,0,0,0,0,0,0,0,0,0,0,0,0,0,0,0,0,0,0,0,0,0,0,0,0,0,0,0,0,0,0,0,0
,,Promedio_Aba,00:00:00,00:00:00,00:00:00,00:00:00,00:00:00,00:00:00,00:00:00,00:00:00,00:00:00,00:00:00,00:00:00,00:00:00,00:00:00,00:00:00,00:00:00,00:00:00,00:00:00,00:00:00,00:00:00,00:00:00,00:00:00,00:00:00,00:00:00,00:00:00,00:00:00,00:00:00,00:00:00,00:00:00,00:00:00,00:00:00,00:00:00,00:00:00,00:00:00,00:00:00,00:00:00,00:00:00,00:00:00,00:00:00,00:00:00,00:00:00,00:00:00,00:00:00,00:00:00,00:00:00,00:00:00,00:00:00,00:00:00,00:00:00,00:00:00,00:00:00,00:00:00,00:00:00,00:00:00,00:00:00,00:00:00,00:00:00,00:00:00,00:00:00,00:00:00,00:00:00,00:00:00,00:00:00,00:00:00,00:00:00,00:00:00,00:00:00,00:00:00,00:00:00,00:00:00,00:00:00,00:00:00,00:00:00,00:00:00,00:00:00,00:00:00,00:00:00,00:00:00,00:00:00,00:00:00,00:00:00,00:00:00,00:00:00,00:00:00,00:00:00,00:00:00,00:00:00,00:00:00,00:00:00,00:00:00,00:00:00,00:00:00,00:00:00,00:00:00,00:00:00,00:00:00,00:00:00
,,TotalCleared,0,0,0,0,0,0,0,0,0,0,0,0,0,0,0,0,0,0,0,0,0,0,0,0,0,0,0,0,0,0,0,0,0,0,0,0,0,0,0,0,0,0,0,0,0,0,0,0,0,0,0,0,0,0,0,0,0,0,0,0,0,0,0,0,0,0,0,0,0,0,0,0,0,0,0,0,0,0,0,0,0,0,0,0,0,0,0,0,0,0,0,0,0,0,0,0
VQ_250_2DO_NIVEL_SIP,KPIS,TalkTime,00:00:00,00:00:00,00:00:00,00:00:00,00:00:00,00:00:00,00:00:00,00:00:00,00:00:00,00:00:00,00:00:00,00:00:00,00:00:00,00:00:00,00:00:00,00:00:00,00:00:00,00:00:00,00:00:00,00:00:00,00:00:00,00:00:00,00:00:00,00:00:00,00:00:00,00:00:00,00:00:00,00:00:00,00:00:00,00:00:00,00:00:00,00:00:00,00:00:00,00:00:00,00:00:00,00:00:00,00:00:00,00:00:00,00:00:00,00:00:00,00:00:00,00:00:00,00:00:00,00:00:00,00:00:00,00:00:00,00:00:00,00:00:00,00:00:00,00:00:00,00:00:00,00:00:00,00:00:00,00:00:00,00:00:00,00:00:00,00:00:00,00:00:00,00:00:00,00:00:00,00:00:00,00:00:00,00:00:00,00:00:00,00:00:00,00:00:00,00:00:00,00:00:00,00:00:00,00:00:00,00:00:00,00:00:00,00:00:00,00:00:00,00:00:00,00:00:00,00:00:00,00:00:00,00:00:00,00:00:00,00:00:00,00:00:00,00:00:00,00:00:00,00:00:00,00:00:00,00:00:00,00:00:00,00:00:00,00:00:00,00:00:00,00:00:00,00:00:00,00:00:00,00:00:00,00:00:00
,,Recibidas,0,0,0,0,0,0,0,0,0,0,0,0,0,0,0,0,0,0,0,0,0,0,0,0,0,0,0,0,0,0,0,0,0,0,0,0,0,0,0,0,0,0,0,0,0,0,0,0,0,0,0,0,0,0,0,0,0,0,0,0,0,0,0,0,0,0,0,0,0,0,0,0,0,0,0,0,0,0,0,0,0,0,0,0,0,0,0,0,0,0,0,0,0,0,0,0
,,Contestadas,0,0,0,0,0,0,0,0,0,0,0,0,0,0,0,0,0,0,0,0,0,0,0,0,0,0,0,0,0,0,0,0,0,0,0,0,0,0,0,0,0,0,0,0,0,0,0,0,0,0,0,0,0,0,0,0,0,0,0,0,0,0,0,0,0,0,0,0,0,0,0,0,0,0,0,0,0,0,0,0,0,0,0,0,0,0,0,0,0,0,0,0,0,0,0,0
,,AHT,0,0,0,0,0,0,0,0,0,0,0,0,0,0,0,0,0,0,0,0,0,0,0,0,0,0,0,0,0,0,0,0,0,0,0,0,0,0,0,0,0,0,0,0,0,0,0,0,0,0,0,0,0,0,0,0,0,0,0,0,0,0,0,0,0,0,0,0,0,0,0,0,0,0,0,0,0,0,0,0,0,0,0,0,0,0,0,0,0,0,0,0,0,0,0,0
,,prcAbandono,0,0,0,0,0,0,0,0,0,0,0,0,0,0,0,0,0,0,0,0,0,0,0,0,0,0,0,0,0,0,0,0,0,0,0,0,0,0,0,0,0,0,0,0,0,0,0,0,0,0,0,0,0,0,0,0,0,0,0,0,0,0,0,0,0,0,0,0,0,0,0,0,0,0,0,0,0,0,0,0,0,0,0,0,0,0,0,0,0,0,0,0,0,0,0,0
,,SL,0,0,0,0,0,0,0,0,0,0,0,0,0,0,0,0,0,0,0,0,0,0,0,0,0,0,0,0,0,0,0,0,0,0,0,0,0,0,0,0,0,0,0,0,0,0,0,0,0,0,0,0,0,0,0,0,0,0,0,0,0,0,0,0,0,0,0,0,0,0,0,0,0,0,0,0,0,0,0,0,0,0,0,0,0,0,0,0,0,0,0,0,0,0,0,0
,,ASA,00:00:00,00:00:00,00:00:00,00:00:00,00:00:00,00:00:00,00:00:00,00:00:00,00:00:00,00:00:00,00:00:00,00:00:00,00:00:00,00:00:00,00:00:00,00:00:00,00:00:00,00:00:00,00:00:00,00:00:00,00:00:00,00:00:00,00:00:00,00:00:00,00:00:00,00:00:00,00:00:00,00:00:00,00:00:00,00:00:00,00:00:00,00:00:00,00:00:00,00:00:00,00:00:00,00:00:00,00:00:00,00:00:00,00:00:00,00:00:00,00:00:00,00:00:00,00:00:00,00:00:00,00:00:00,00:00:00,00:00:00,00:00:00,00:00:00,00:00:00,00:00:00,00:00:00,00:00:00,00:00:00,00:00:00,00:00:00,00:00:00,00:00:00,00:00:00,00:00:00,00:00:00,00:00:00,00:00:00,00:00:00,00:00:00,00:00:00,00:00:00,00:00:00,00:00:00,00:00:00,00:00:00,00:00:00,00:00:00,00:00:00,00:00:00,00:00:00,00:00:00,00:00:00,00:00:00,00:00:00,00:00:00,00:00:00,00:00:00,00:00:00,00:00:00,00:00:00,00:00:00,00:00:00,00:00:00,00:00:00,00:00:00,00:00:00,00:00:00,00:00:00,00:00:00,00:00:00
,,Aba_<10_seg,0,0,0,0,0,0,0,0,0,0,0,0,0,0,0,0,0,0,0,0,0,0,0,0,0,0,0,0,0,0,0,0,0,0,0,0,0,0,0,0,0,0,0,0,0,0,0,0,0,0,0,0,0,0,0,0,0,0,0,0,0,0,0,0,0,0,0,0,0,0,0,0,0,0,0,0,0,0,0,0,0,0,0,0,0,0,0,0,0,0,0,0,0,0,0,0
,,Abandonas,0,0,0,0,0,0,0,0,0,0,0,0,0,0,0,0,0,0,0,0,0,0,0,0,0,0,0,0,0,0,0,0,0,0,0,0,0,0,0,0,0,0,0,0,0,0,0,0,0,0,0,0,0,0,0,0,0,0,0,0,0,0,0,0,0,0,0,0,0,0,0,0,0,0,0,0,0,0,0,0,0,0,0,0,0,0,0,0,0,0,0,0,0,0,0,0
,,Promedio_Aba,00:00:00,00:00:00,00:00:00,00:00:00,00:00:00,00:00:00,00:00:00,00:00:00,00:00:00,00:00:00,00:00:00,00:00:00,00:00:00,00:00:00,00:00:00,00:00:00,00:00:00,00:00:00,00:00:00,00:00:00,00:00:00,00:00:00,00:00:00,00:00:00,00:00:00,00:00:00,00:00:00,00:00:00,00:00:00,00:00:00,00:00:00,00:00:00,00:00:00,00:00:00,00:00:00,00:00:00,00:00:00,00:00:00,00:00:00,00:00:00,00:00:00,00:00:00,00:00:00,00:00:00,00:00:00,00:00:00,00:00:00,00:00:00,00:00:00,00:00:00,00:00:00,00:00:00,00:00:00,00:00:00,00:00:00,00:00:00,00:00:00,00:00:00,00:00:00,00:00:00,00:00:00,00:00:00,00:00:00,00:00:00,00:00:00,00:00:00,00:00:00,00:00:00,00:00:00,00:00:00,00:00:00,00:00:00,00:00:00,00:00:00,00:00:00,00:00:00,00:00:00,00:00:00,00:00:00,00:00:00,00:00:00,00:00:00,00:00:00,00:00:00,00:00:00,00:00:00,00:00:00,00:00:00,00:00:00,00:00:00,00:00:00,00:00:00,00:00:00,00:00:00,00:00:00,00:00:00
,,TotalCleared,0,0,0,0,0,0,0,0,0,0,0,0,0,0,0,0,0,0,0,0,0,0,0,0,0,0,0,0,0,0,0,0,0,0,0,0,0,0,0,0,0,0,0,0,0,0,0,0,0,0,0,0,0,0,0,0,0,0,0,0,0,0,0,0,0,0,0,0,0,0,0,0,0,0,0,0,0,0,0,0,0,0,0,0,0,0,0,0,0,0,0,0,0,0,0,0
VQ_890_SERV_NO_TEC_SIP,KPIS,TalkTime,00:00:00,00:00:00,00:00:00,00:00:00,00:00:00,00:00:00,00:00:00,00:00:00,00:00:00,00:00:00,00:00:00,00:00:00,00:00:00,00:00:00,00:00:00,00:00:00,00:00:00,00:00:00,00:00:00,00:00:00,00:00:00,00:00:00,00:00:00,00:00:00,00:00:00,00:00:00,00:00:00,00:00:00,00:00:00,00:00:00,00:00:00,00:00:00,00:00:00,00:15:16,00:00:00,00:09:11,00:01:36,00:37:45,01:06:50,00:24:23,00:37:26,00:33:57,00:38:23,00:21:51,00:55:24,00:37:15,00:29:02,00:25:20,00:45:13,00:02:21,00:11:00,00:36:01,00:38:01,00:33:15,00:08:38,00:02:33,00:16:22,00:15:55,00:21:00,00:10:51,00:07:33,00:18:14,00:00:00,00:00:00,00:03:05,00:08:49,00:22:46,00:00:00,00:21:39,00:00:00,00:00:00,00:10:38,00:21:22,00:03:11,00:01:19,00:00:00,00:00:00,00:00:00,00:00:00,00:00:00,00:00:00,00:00:00,00:00:00,00:14:49,00:00:00,00:00:00,00:00:00,00:00:00,00:00:00,00:00:00,00:00:00,00:00:00,00:00:00,00:00:00,00:00:00,00:00:00
,,Recibidas,0,0,0,0,0,0,0,0,0,0,0,0,0,0,0,0,0,0,0,0,0,0,0,0,0,0,0,0,0,0,0,0,1,0,1,1,4,9,10,4,5,8,5,3,6,6,6,5,3,2,5,4,4,1,1,2,5,3,4,0,2,3,0,0,1,3,1,2,1,0,1,1,2,2,1,0,0,0,0,0,0,0,1,0,0,0,0,0,0,0,0,0,0,0,0,0
,,Contestadas,0,0,0,0,0,0,0,0,0,0,0,0,0,0,0,0,0,0,0,0,0,0,0,0,0,0,0,0,0,0,0,0,1,0,1,1,4,9,10,4,5,8,5,3,6,6,6,5,3,2,5,4,4,1,1,2,5,3,4,0,2,3,0,0,1,3,1,2,1,0,1,1,2,2,1,0,0,0,0,0,0,0,1,0,0,0,0,0,0,0,0,0,0,0,0,0
,,AHT,0,0,0,0,0,0,0,0,0,0,0,0,0,0,0,0,0,0,0,0,0,0,0,0,0,0,0,0,0,0,0,0,5,0,5,556,29,256.67,406,370.75,454.2,259.63,465.6,442,559,377.5,295.33,309,909.33,75.5,137,545.25,575.25,"2,000",523,81.5,201.4,323.33,320,0,231.5,369.67,0,0,190,181.33,"1,371",5,"1,304",0,5,643,646,100.5,84,0,0,0,0,0,0,0,5,0,0,0,0,0,0,0,0,0,0,0,0,0
,,prcAbandono,0,0,0,0,0,0,0,0,0,0,0,0,0,0,0,0,0,0,0,0,0,0,0,0,0,0,0,0,0,0,0,0,0,0,0,0,0,0,0,0,0,0,0,0,0,0,0,0,0,0,0,0,0,0,0,0,0,0,0,0,0,0,0,0,0,0,0,0,0,0,0,0,0,0,0,0,0,0,0,0,0,0,0,0,0,0,0,0,0,0,0,0,0,0,0,0
,,SL,0,0,0,0,0,0,0,0,0,0,0,0,0,0,0,0,0,0,0,0,0,0,0,0,0,0,0,0,0,0,0,0,100,0,100,100,100,88.89,100,100,80,100,100,100,100,100,100,100,100,100,100,100,100,100,100,100,100,100,100,0,100,100,0,0,100,100,100,100,100,0,100,100,100,100,100,0,0,0,0,0,0,0,100,0,0,0,0,0,0,0,0,0,0,0,0,0
,,ASA,00:00:00,00:00:00,00:00:00,00:00:00,00:00:00,00:00:00,00:00:00,00:00:00,00:00:00,00:00:00,00:00:00,00:00:00,00:00:00,00:00:00,00:00:00,00:00:00,00:00:00,00:00:00,00:00:00,00:00:00,00:00:00,00:00:00,00:00:00,00:00:00,00:00:00,00:00:00,00:00:00,00:00:00,00:00:00,00:00:00,00:00:00,00:00:00,00:00:00,00:00:00,00:00:00,00:00:00,00:00:00,00:00:01,00:00:00,00:00:00,00:00:05,00:00:00,00:00:00,00:00:00,00:00:00,00:00:00,00:00:00,00:00:00,00:00:00,00:00:00,00:00:00,00:00:00,00:00:00,00:00:00,00:00:00,00:00:00,00:00:00,00:00:00,00:00:00,00:00:00,00:00:00,00:00:00,00:00:00,00:00:00,00:00:00,00:00:00,00:00:00,00:00:00,00:00:00,00:00:00,00:00:00,00:00:00,00:00:00,00:00:00,00:00:00,00:00:00,00:00:00,00:00:00,00:00:00,00:00:00,00:00:00,00:00:00,00:00:00,00:00:00,00:00:00,00:00:00,00:00:00,00:00:00,00:00:00,00:00:00,00:00:00,00:00:00,00:00:00,00:00:00,00:00:00,00:00:00
,,Aba_<10_seg,0,0,0,0,0,0,0,0,0,0,0,0,0,0,0,0,0,0,0,0,0,0,0,0,0,0,0,0,0,0,0,0,0,0,0,0,0,0,0,0,0,0,0,0,0,0,0,0,0,0,0,0,0,0,0,0,0,0,0,0,0,0,0,0,0,0,0,0,0,0,0,0,0,0,0,0,0,0,0,0,0,0,0,0,0,0,0,0,0,0,0,0,0,0,0,0
,,Abandonas,0,0,0,0,0,0,0,0,0,0,0,0,0,0,0,0,0,0,0,0,0,0,0,0,0,0,0,0,0,0,0,0,0,0,0,0,0,0,0,0,0,0,0,0,0,0,0,0,0,0,0,0,0,0,0,0,0,0,0,0,0,0,0,0,0,0,0,0,0,0,0,0,0,0,0,0,0,0,0,0,0,0,0,0,0,0,0,0,0,0,0,0,0,0,0,0
,,Promedio_Aba,00:00:00,00:00:00,00:00:00,00:00:00,00:00:00,00:00:00,00:00:00,00:00:00,00:00:00,00:00:00,00:00:00,00:00:00,00:00:00,00:00:00,00:00:00,00:00:00,00:00:00,00:00:00,00:00:00,00:00:00,00:00:00,00:00:00,00:00:00,00:00:00,00:00:00,00:00:00,00:00:00,00:00:00,00:00:00,00:00:00,00:00:00,00:00:00,00:00:00,00:00:00,00:00:00,00:00:00,00:00:00,00:00:00,00:00:00,00:00:00,00:00:00,00:00:00,00:00:00,00:00:00,00:00:00,00:00:00,00:00:00,00:00:00,00:00:00,00:00:00,00:00:00,00:00:00,00:00:00,00:00:00,00:00:00,00:00:00,00:00:00,00:00:00,00:00:00,00:00:00,00:00:00,00:00:00,00:00:00,00:00:00,00:00:00,00:00:00,00:00:00,00:00:00,00:00:00,00:00:00,00:00:00,00:00:00,00:00:00,00:00:00,00:00:00,00:00:00,00:00:00,00:00:00,00:00:00,00:00:00,00:00:00,00:00:00,00:00:00,00:00:00,00:00:00,00:00:00,00:00:00,00:00:00,00:00:00,00:00:00,00:00:00,00:00:00,00:00:00,00:00:00,00:00:00,00:00:00
,,TotalCleared,0,0,0,0,0,0,0,0,0,0,0,0,0,0,0,0,0,0,0,0,0,0,0,0,0,0,0,0,0,0,0,0,0,0,0,0,0,0,0,0,0,0,0,0,0,0,0,0,0,0,0,0,0,0,0,0,0,0,0,0,0,0,0,0,0,0,0,0,0,0,0,0,0,0,0,0,0,0,0,0,0,0,0,0,0,0,0,0,0,0,0,0,0,0,0,0
VQ_970_SDK_VIP_SIP,KPIS,TalkTime,00:00:00,00:00:00,00:00:00,00:00:00,00:00:00,00:00:00,00:00:00,00:00:00,00:00:00,00:00:00,00:00:00,00:00:00,00:00:00,00:00:00,00:00:00,00:00:00,00:00:00,00:00:00,00:00:00,00:00:00,00:00:00,00:00:00,00:00:00,00:00:00,00:00:00,00:00:00,00:00:00,00:00:00,00:00:00,00:00:00,00:00:00,00:00:00,00:00:00,00:00:00,00:00:00,00:00:00,00:00:00,00:00:00,00:00:00,00:00:00,00:00:00,00:00:00,00:00:00,00:00:00,00:00:00,00:00:00,00:00:00,00:00:00,00:00:00,00:00:00,00:00:00,00:00:54,00:00:00,00:00:00,00:00:00,00:00:00,00:00:00,00:00:00,00:00:00,00:00:00,00:00:00,00:00:00,00:00:00,00:00:00,00:00:00,00:00:00,00:00:00,00:00:00,00:00:00,00:00:00,00:00:00,00:00:00,00:00:00,00:00:00,00:00:00,00:00:00,00:00:00,00:00:00,00:00:00,00:00:00,00:00:00,00:00:00,00:00:00,00:00:00,00:00:00,00:00:00,00:00:00,00:00:00,00:00:00,00:00:00,00:00:00,00:00:00,00:00:00,00:00:00,00:00:00,00:00:00
,,Recibidas,0,0,0,0,0,0,0,0,0,0,0,0,0,0,0,0,0,0,0,0,0,0,0,0,0,0,0,0,0,0,0,0,0,0,0,0,0,0,0,0,0,0,0,0,0,0,0,0,0,0,0,1,0,0,0,0,0,0,0,0,0,0,0,0,0,0,0,0,0,0,0,0,0,0,0,0,0,0,0,0,0,0,0,0,0,0,0,0,0,0,0,0,0,0,0,0
,,Contestadas,0,0,0,0,0,0,0,0,0,0,0,0,0,0,0,0,0,0,0,0,0,0,0,0,0,0,0,0,0,0,0,0,0,0,0,0,0,0,0,0,0,0,0,0,0,0,0,0,0,0,0,1,0,0,0,0,0,0,0,0,0,0,0,0,0,0,0,0,0,0,0,0,0,0,0,0,0,0,0,0,0,0,0,0,0,0,0,0,0,0,0,0,0,0,0,0
,,AHT,0,0,0,0,0,0,0,0,0,0,0,0,0,0,0,0,0,0,0,0,0,0,0,0,0,0,0,0,0,0,0,0,0,0,0,0,0,0,0,0,0,0,0,0,0,0,0,0,0,0,0,59,0,0,0,0,0,0,0,0,0,0,0,0,0,0,0,0,0,0,0,0,0,0,0,0,0,0,0,0,0,0,0,0,0,0,0,0,0,0,0,0,0,0,0,0
,,prcAbandono,0,0,0,0,0,0,0,0,0,0,0,0,0,0,0,0,0,0,0,0,0,0,0,0,0,0,0,0,0,0,0,0,0,0,0,0,0,0,0,0,0,0,0,0,0,0,0,0,0,0,0,0,0,0,0,0,0,0,0,0,0,0,0,0,0,0,0,0,0,0,0,0,0,0,0,0,0,0,0,0,0,0,0,0,0,0,0,0,0,0,0,0,0,0,0,0
,,SL,0,0,0,0,0,0,0,0,0,0,0,0,0,0,0,0,0,0,0,0,0,0,0,0,0,0,0,0,0,0,0,0,0,0,0,0,0,0,0,0,0,0,0,0,0,0,0,0,0,0,0,100,0,0,0,0,0,0,0,0,0,0,0,0,0,0,0,0,0,0,0,0,0,0,0,0,0,0,0,0,0,0,0,0,0,0,0,0,0,0,0,0,0,0,0,0
,,ASA,00:00:00,00:00:00,00:00:00,00:00:00,00:00:00,00:00:00,00:00:00,00:00:00,00:00:00,00:00:00,00:00:00,00:00:00,00:00:00,00:00:00,00:00:00,00:00:00,00:00:00,00:00:00,00:00:00,00:00:00,00:00:00,00:00:00,00:00:00,00:00:00,00:00:00,00:00:00,00:00:00,00:00:00,00:00:00,00:00:00,00:00:00,00:00:00,00:00:00,00:00:00,00:00:00,00:00:00,00:00:00,00:00:00,00:00:00,00:00:00,00:00:00,00:00:00,00:00:00,00:00:00,00:00:00,00:00:00,00:00:00,00:00:00,00:00:00,00:00:00,00:00:00,00:00:00,00:00:00,00:00:00,00:00:00,00:00:00,00:00:00,00:00:00,00:00:00,00:00:00,00:00:00,00:00:00,00:00:00,00:00:00,00:00:00,00:00:00,00:00:00,00:00:00,00:00:00,00:00:00,00:00:00,00:00:00,00:00:00,00:00:00,00:00:00,00:00:00,00:00:00,00:00:00,00:00:00,00:00:00,00:00:00,00:00:00,00:00:00,00:00:00,00:00:00,00:00:00,00:00:00,00:00:00,00:00:00,00:00:00,00:00:00,00:00:00,00:00:00,00:00:00,00:00:00,00:00:00
,,Aba_<10_seg,0,0,0,0,0,0,0,0,0,0,0,0,0,0,0,0,0,0,0,0,0,0,0,0,0,0,0,0,0,0,0,0,0,0,0,0,0,0,0,0,0,0,0,0,0,0,0,0,0,0,0,0,0,0,0,0,0,0,0,0,0,0,0,0,0,0,0,0,0,0,0,0,0,0,0,0,0,0,0,0,0,0,0,0,0,0,0,0,0,0,0,0,0,0,0,0
,,Abandonas,0,0,0,0,0,0,0,0,0,0,0,0,0,0,0,0,0,0,0,0,0,0,0,0,0,0,0,0,0,0,0,0,0,0,0,0,0,0,0,0,0,0,0,0,0,0,0,0,0,0,0,0,0,0,0,0,0,0,0,0,0,0,0,0,0,0,0,0,0,0,0,0,0,0,0,0,0,0,0,0,0,0,0,0,0,0,0,0,0,0,0,0,0,0,0,0
,,Promedio_Aba,00:00:00,00:00:00,00:00:00,00:00:00,00:00:00,00:00:00,00:00:00,00:00:00,00:00:00,00:00:00,00:00:00,00:00:00,00:00:00,00:00:00,00:00:00,00:00:00,00:00:00,00:00:00,00:00:00,00:00:00,00:00:00,00:00:00,00:00:00,00:00:00,00:00:00,00:00:00,00:00:00,00:00:00,00:00:00,00:00:00,00:00:00,00:00:00,00:00:00,00:00:00,00:00:00,00:00:00,00:00:00,00:00:00,00:00:00,00:00:00,00:00:00,00:00:00,00:00:00,00:00:00,00:00:00,00:00:00,00:00:00,00:00:00,00:00:00,00:00:00,00:00:00,00:00:00,00:00:00,00:00:00,00:00:00,00:00:00,00:00:00,00:00:00,00:00:00,00:00:00,00:00:00,00:00:00,00:00:00,00:00:00,00:00:00,00:00:00,00:00:00,00:00:00,00:00:00,00:00:00,00:00:00,00:00:00,00:00:00,00:00:00,00:00:00,00:00:00,00:00:00,00:00:00,00:00:00,00:00:00,00:00:00,00:00:00,00:00:00,00:00:00,00:00:00,00:00:00,00:00:00,00:00:00,00:00:00,00:00:00,00:00:00,00:00:00,00:00:00,00:00:00,00:00:00,00:00:00
,,TotalCleared,0,0,0,0,0,0,0,0,0,0,0,0,0,0,0,0,0,0,0,0,0,0,0,0,0,0,0,0,0,0,0,0,0,0,0,0,0,0,0,0,0,0,0,0,0,0,0,0,0,0,0,0,0,0,0,0,0,0,0,0,0,0,0,0,0,0,0,0,0,0,0,0,0,0,0,0,0,0,0,0,0,0,0,0,0,0,0,0,0,0,0,0,0,0,0,0
VQ_977_SUC_FUERA_SIP,KPIS,TalkTime,00:00:00,00:00:00,00:00:00,00:00:00,00:00:00,00:00:00,00:00:00,00:00:00,00:00:00,00:00:00,00:00:00,00:00:00,00:00:00,00:00:00,00:00:00,00:00:00,00:00:00,00:00:00,00:00:00,00:00:00,00:00:00,00:00:00,00:00:00,00:00:00,00:00:00,00:00:00,00:00:00,00:00:00,00:00:00,00:00:00,00:00:00,00:00:00,00:00:00,00:00:00,00:00:00,00:00:00,00:00:00,00:00:00,00:00:00,00:00:00,00:00:00,00:00:00,00:00:00,00:00:00,00:00:00,00:00:00,00:00:00,00:00:00,00:00:00,00:00:00,00:00:00,00:00:00,00:00:00,00:00:00,00:00:00,00:00:00,00:00:00,00:00:00,00:00:00,00:00:00,00:00:00,00:00:00,00:00:00,00:00:00,00:00:00,00:00:00,00:00:00,00:00:00,00:00:00,00:00:00,00:00:00,00:00:00,00:00:00,00:00:00,00:00:00,00:00:00,00:00:00,00:00:00,00:00:00,00:00:00,00:00:00,00:00:00,00:00:00,00:00:00,00:00:00,00:00:00,00:00:00,00:00:00,00:00:00,00:00:00,00:00:00,00:00:00,00:00:00,00:00:00,00:00:00,00:00:00
,,Recibidas,0,0,0,0,0,0,0,0,0,0,0,0,0,0,0,0,0,0,0,0,0,0,0,0,0,0,0,0,0,0,0,0,0,0,0,0,0,0,0,0,0,0,0,0,0,0,0,0,0,0,0,0,0,0,0,0,0,0,0,0,0,0,0,0,0,0,0,0,0,0,0,0,0,0,0,0,0,0,0,0,0,0,0,0,0,0,0,0,0,0,0,0,0,0,0,0
,,Contestadas,0,0,0,0,0,0,0,0,0,0,0,0,0,0,0,0,0,0,0,0,0,0,0,0,0,0,0,0,0,0,0,0,0,0,0,0,0,0,0,0,0,0,0,0,0,0,0,0,0,0,0,0,0,0,0,0,0,0,0,0,0,0,0,0,0,0,0,0,0,0,0,0,0,0,0,0,0,0,0,0,0,0,0,0,0,0,0,0,0,0,0,0,0,0,0,0
,,AHT,0,0,0,0,0,0,0,0,0,0,0,0,0,0,0,0,0,0,0,0,0,0,0,0,0,0,0,0,0,0,0,0,0,0,0,0,0,0,0,0,0,0,0,0,0,0,0,0,0,0,0,0,0,0,0,0,0,0,0,0,0,0,0,0,0,0,0,0,0,0,0,0,0,0,0,0,0,0,0,0,0,0,0,0,0,0,0,0,0,0,0,0,0,0,0,0
,,prcAbandono,0,0,0,0,0,0,0,0,0,0,0,0,0,0,0,0,0,0,0,0,0,0,0,0,0,0,0,0,0,0,0,0,0,0,0,0,0,0,0,0,0,0,0,0,0,0,0,0,0,0,0,0,0,0,0,0,0,0,0,0,0,0,0,0,0,0,0,0,0,0,0,0,0,0,0,0,0,0,0,0,0,0,0,0,0,0,0,0,0,0,0,0,0,0,0,0
,,SL,0,0,0,0,0,0,0,0,0,0,0,0,0,0,0,0,0,0,0,0,0,0,0,0,0,0,0,0,0,0,0,0,0,0,0,0,0,0,0,0,0,0,0,0,0,0,0,0,0,0,0,0,0,0,0,0,0,0,0,0,0,0,0,0,0,0,0,0,0,0,0,0,0,0,0,0,0,0,0,0,0,0,0,0,0,0,0,0,0,0,0,0,0,0,0,0
,,ASA,00:00:00,00:00:00,00:00:00,00:00:00,00:00:00,00:00:00,00:00:00,00:00:00,00:00:00,00:00:00,00:00:00,00:00:00,00:00:00,00:00:00,00:00:00,00:00:00,00:00:00,00:00:00,00:00:00,00:00:00,00:00:00,00:00:00,00:00:00,00:00:00,00:00:00,00:00:00,00:00:00,00:00:00,00:00:00,00:00:00,00:00:00,00:00:00,00:00:00,00:00:00,00:00:00,00:00:00,00:00:00,00:00:00,00:00:00,00:00:00,00:00:00,00:00:00,00:00:00,00:00:00,00:00:00,00:00:00,00:00:00,00:00:00,00:00:00,00:00:00,00:00:00,00:00:00,00:00:00,00:00:00,00:00:00,00:00:00,00:00:00,00:00:00,00:00:00,00:00:00,00:00:00,00:00:00,00:00:00,00:00:00,00:00:00,00:00:00,00:00:00,00:00:00,00:00:00,00:00:00,00:00:00,00:00:00,00:00:00,00:00:00,00:00:00,00:00:00,00:00:00,00:00:00,00:00:00,00:00:00,00:00:00,00:00:00,00:00:00,00:00:00,00:00:00,00:00:00,00:00:00,00:00:00,00:00:00,00:00:00,00:00:00,00:00:00,00:00:00,00:00:00,00:00:00,00:00:00
,,Aba_<10_seg,0,0,0,0,0,0,0,0,0,0,0,0,0,0,0,0,0,0,0,0,0,0,0,0,0,0,0,0,0,0,0,0,0,0,0,0,0,0,0,0,0,0,0,0,0,0,0,0,0,0,0,0,0,0,0,0,0,0,0,0,0,0,0,0,0,0,0,0,0,0,0,0,0,0,0,0,0,0,0,0,0,0,0,0,0,0,0,0,0,0,0,0,0,0,0,0
,,Abandonas,0,0,0,0,0,0,0,0,0,0,0,0,0,0,0,0,0,0,0,0,0,0,0,0,0,0,0,0,0,0,0,0,0,0,0,0,0,0,0,0,0,0,0,0,0,0,0,0,0,0,0,0,0,0,0,0,0,0,0,0,0,0,0,0,0,0,0,0,0,0,0,0,0,0,0,0,0,0,0,0,0,0,0,0,0,0,0,0,0,0,0,0,0,0,0,0
,,Promedio_Aba,00:00:00,00:00:00,00:00:00,00:00:00,00:00:00,00:00:00,00:00:00,00:00:00,00:00:00,00:00:00,00:00:00,00:00:00,00:00:00,00:00:00,00:00:00,00:00:00,00:00:00,00:00:00,00:00:00,00:00:00,00:00:00,00:00:00,00:00:00,00:00:00,00:00:00,00:00:00,00:00:00,00:00:00,00:00:00,00:00:00,00:00:00,00:00:00,00:00:00,00:00:00,00:00:00,00:00:00,00:00:00,00:00:00,00:00:00,00:00:00,00:00:00,00:00:00,00:00:00,00:00:00,00:00:00,00:00:00,00:00:00,00:00:00,00:00:00,00:00:00,00:00:00,00:00:00,00:00:00,00:00:00,00:00:00,00:00:00,00:00:00,00:00:00,00:00:00,00:00:00,00:00:00,00:00:00,00:00:00,00:00:00,00:00:00,00:00:00,00:00:00,00:00:00,00:00:00,00:00:00,00:00:00,00:00:00,00:00:00,00:00:00,00:00:00,00:00:00,00:00:00,00:00:00,00:00:00,00:00:00,00:00:00,00:00:00,00:00:00,00:00:00,00:00:00,00:00:00,00:00:00,00:00:00,00:00:00,00:00:00,00:00:00,00:00:00,00:00:00,00:00:00,00:00:00,00:00:00
,,TotalCleared,0,0,0,0,0,0,0,0,0,0,0,0,0,0,0,0,0,0,0,0,0,0,0,0,0,0,0,0,0,0,0,0,0,0,0,0,0,0,0,0,0,0,0,0,0,0,0,0,0,0,0,0,0,0,0,0,0,0,0,0,0,0,0,0,0,0,0,0,0,0,0,0,0,0,0,0,0,0,0,0,0,0,0,0,0,0,0,0,0,0,0,0,0,0,0,0
VQ_980_FALLA_TEC_SUC_SIP,KPIS,TalkTime,00:00:00,00:00:00,00:00:00,00:00:00,00:00:00,00:00:00,00:00:00,00:00:00,00:00:00,00:00:00,00:00:00,00:00:00,00:00:00,00:00:00,00:00:00,00:00:00,00:00:00,00:00:00,00:00:00,00:00:00,00:00:00,00:00:00,00:00:00,00:00:00,00:00:00,00:00:00,00:00:00,00:00:00,00:00:00,00:00:00,00:00:02,00:00:00,00:05:50,00:15:18,00:00:00,00:11:26,00:45:16,00:59:21,00:18:14,00:19:50,00:26:38,00:50:11,00:37:48,00:15:33,00:25:09,00:23:54,00:36:11,00:09:52,00:15:20,00:27:22,00:18:12,00:24:13,00:13:37,00:10:45,00:13:09,00:28:14,00:04:36,00:00:00,00:06:36,00:31:47,00:20:08,00:35:33,00:21:35,00:09:18,00:00:09,00:03:30,00:04:52,00:00:00,00:09:33,00:04:00,00:00:00,00:00:00,00:00:00,00:01:35,00:00:00,00:00:00,00:00:00,00:00:00,00:00:00,00:00:00,00:00:00,00:00:00,00:00:00,00:00:00,00:00:00,00:00:00,00:00:00,00:00:00,00:00:00,00:00:00,00:00:00,00:00:00,00:00:00,00:00:00,00:00:00,00:00:00
,,Recibidas,0,0,0,0,0,0,0,0,0,0,0,0,0,0,0,0,0,0,0,0,0,0,0,0,0,0,0,0,0,0,1,0,2,4,1,5,11,3,6,5,7,11,0,4,8,6,7,2,5,5,3,1,3,4,5,1,2,1,3,6,3,5,3,2,2,2,0,0,2,1,0,0,0,1,0,0,0,0,0,0,0,0,0,0,0,0,0,0,0,0,0,0,0,0,0,0
,,Contestadas,0,0,0,0,0,0,0,0,0,0,0,0,0,0,0,0,0,0,0,0,0,0,0,0,0,0,0,0,0,0,1,0,2,4,1,5,11,3,6,5,7,11,0,4,8,6,7,2,5,5,3,1,3,4,5,1,2,1,3,6,3,5,3,2,2,2,0,0,2,1,0,0,0,1,0,0,0,0,0,0,0,0,0,0,0,0,0,0,0,0,0,0,0,0,0,0
,,AHT,0,0,0,0,0,0,0,0,0,0,0,0,0,0,0,0,0,0,0,0,0,0,0,0,0,0,0,0,0,0,7,0,180,234.5,5,142.2,251.91,"1,192",187.33,243,233.29,278.73,0,238.25,193.63,244,315.14,301,189,333.4,369,"1,458",277.33,166.25,162.8,"1,699",143,5,137,322.83,407.67,431.6,436.67,284,9.5,110,0,0,291.5,245,0,0,0,100,0,0,0,0,0,0,0,0,0,0,0,0,0,0,0,0,0,0,0,0,0,0
,,prcAbandono,0,0,0,0,0,0,0,0,0,0,0,0,0,0,0,0,0,0,0,0,0,0,0,0,0,0,0,0,0,0,0,0,0,0,0,0,0,0,0,0,0,0,0,0,0,0,0,0,0,0,0,0,0,0,0,0,0,0,0,0,0,0,0,0,0,0,0,0,0,0,0,0,0,0,0,0,0,0,0,0,0,0,0,0,0,0,0,0,0,0,0,0,0,0,0,0
,,SL,0,0,0,0,0,0,0,0,0,0,0,0,0,0,0,0,0,0,0,0,0,0,0,0,0,0,0,0,0,0,100,0,100,100,100,100,100,100,100,100,85.71,72.73,0,100,100,100,100,100,100,100,100,100,100,100,100,100,100,100,100,100,100,100,100,100,100,100,0,0,100,100,0,0,0,100,0,0,0,0,0,0,0,0,0,0,0,0,0,0,0,0,0,0,0,0,0,0
,,ASA,00:00:00,00:00:00,00:00:00,00:00:00,00:00:00,00:00:00,00:00:00,00:00:00,00:00:00,00:00:00,00:00:00,00:00:00,00:00:00,00:00:00,00:00:00,00:00:00,00:00:00,00:00:00,00:00:00,00:00:00,00:00:00,00:00:00,00:00:00,00:00:00,00:00:00,00:00:00,00:00:00,00:00:00,00:00:00,00:00:00,00:00:00,00:00:00,00:00:00,00:00:00,00:00:00,00:00:00,00:00:00,00:00:01,00:00:00,00:00:00,00:00:12,00:00:09,00:00:00,00:00:00,00:00:00,00:00:00,00:00:00,00:00:00,00:00:00,00:00:00,00:00:00,00:00:00,00:00:00,00:00:00,00:00:00,00:00:00,00:00:00,00:00:00,00:00:00,00:00:00,00:00:00,00:00:00,00:00:00,00:00:00,00:00:00,00:00:00,00:00:00,00:00:00,00:00:00,00:00:00,00:00:00,00:00:00,00:00:00,00:00:00,00:00:00,00:00:00,00:00:00,00:00:00,00:00:00,00:00:00,00:00:00,00:00:00,00:00:00,00:00:00,00:00:00,00:00:00,00:00:00,00:00:00,00:00:00,00:00:00,00:00:00,00:00:00,00:00:00,00:00:00,00:00:00,00:00:00
,,Aba_<10_seg,0,0,0,0,0,0,0,0,0,0,0,0,0,0,0,0,0,0,0,0,0,0,0,0,0,0,0,0,0,0,0,0,0,0,0,0,0,0,0,0,0,0,0,0,0,0,0,0,0,0,0,0,0,0,0,0,0,0,0,0,0,0,0,0,0,0,0,0,0,0,0,0,0,0,0,0,0,0,0,0,0,0,0,0,0,0,0,0,0,0,0,0,0,0,0,0
,,Abandonas,0,0,0,0,0,0,0,0,0,0,0,0,0,0,0,0,0,0,0,0,0,0,0,0,0,0,0,0,0,0,0,0,0,0,0,0,0,0,0,0,0,0,0,0,0,0,0,0,0,0,0,0,0,0,0,0,0,0,0,0,0,0,0,0,0,0,0,0,0,0,0,0,0,0,0,0,0,0,0,0,0,0,0,0,0,0,0,0,0,0,0,0,0,0,0,0
,,Promedio_Aba,00:00:00,00:00:00,00:00:00,00:00:00,00:00:00,00:00:00,00:00:00,00:00:00,00:00:00,00:00:00,00:00:00,00:00:00,00:00:00,00:00:00,00:00:00,00:00:00,00:00:00,00:00:00,00:00:00,00:00:00,00:00:00,00:00:00,00:00:00,00:00:00,00:00:00,00:00:00,00:00:00,00:00:00,00:00:00,00:00:00,00:00:00,00:00:00,00:00:00,00:00:00,00:00:00,00:00:00,00:00:00,00:00:00,00:00:00,00:00:00,00:00:00,00:00:00,00:00:00,00:00:00,00:00:00,00:00:00,00:00:00,00:00:00,00:00:00,00:00:00,00:00:00,00:00:00,00:00:00,00:00:00,00:00:00,00:00:00,00:00:00,00:00:00,00:00:00,00:00:00,00:00:00,00:00:00,00:00:00,00:00:00,00:00:00,00:00:00,00:00:00,00:00:00,00:00:00,00:00:00,00:00:00,00:00:00,00:00:00,00:00:00,00:00:00,00:00:00,00:00:00,00:00:00,00:00:00,00:00:00,00:00:00,00:00:00,00:00:00,00:00:00,00:00:00,00:00:00,00:00:00,00:00:00,00:00:00,00:00:00,00:00:00,00:00:00,00:00:00,00:00:00,00:00:00,00:00:00
,,TotalCleared,0,0,0,0,0,0,0,0,0,0,0,0,0,0,0,0,0,0,0,0,0,0,0,0,0,0,0,0,0,0,0,0,0,0,0,0,0,0,0,0,0,0,0,0,0,0,0,0,0,0,0,0,0,0,0,0,0,0,0,0,0,0,0,0,0,0,0,0,0,0,0,0,0,0,0,0,0,0,0,0,0,0,0,0,0,0,0,0,0,0,0,0,0,0,0,0
VQ_984_FALLA_TEC_CORP_SIP,KPIS,TalkTime,00:00:00,00:00:00,00:00:00,00:00:00,00:00:00,00:00:00,00:00:00,00:00:00,00:00:00,00:00:00,00:00:00,00:00:00,00:00:00,00:00:00,00:00:00,00:00:00,00:00:00,00:00:00,00:00:00,00:00:00,00:00:00,00:00:00,00:00:00,00:00:00,00:00:00,00:00:00,00:00:00,00:00:00,00:00:00,00:16:52,00:00:06,00:00:00,00:00:00,00:00:00,00:02:54,00:00:00,00:08:35,00:25:14,00:00:00,00:06:14,00:23:07,00:50:28,00:00:00,00:12:18,00:00:00,00:07:40,00:04:42,00:00:00,00:00:03,00:17:41,00:02:33,00:12:52,00:18:46,00:14:41,00:03:52,00:11:35,00:13:54,00:08:21,00:00:00,00:27:48,00:07:27,00:07:32,00:00:00,00:06:04,00:00:00,00:30:30,00:00:00,00:00:00,00:03:25,00:03:57,00:00:00,00:04:12,00:02:56,00:00:00,00:00:00,00:00:00,00:00:00,00:00:00,00:00:00,00:00:00,00:00:00,00:00:00,00:00:00,00:00:24,00:00:00,00:00:00,00:00:00,00:00:00,00:00:00,00:00:00,00:00:00,00:00:00,00:00:00,00:00:00,00:00:00,00:00:00
,,Recibidas,0,0,0,0,0,0,0,0,0,0,0,0,0,0,0,0,0,0,0,0,0,0,0,0,0,0,0,0,1,0,1,0,0,0,1,0,2,2,1,5,4,1,1,1,1,1,1,0,2,1,2,1,2,1,2,2,2,1,0,0,1,1,0,1,2,0,0,0,1,2,0,2,1,0,0,1,0,0,0,0,0,0,0,1,0,0,0,0,0,0,0,0,0,0,0,0
,,Contestadas,0,0,0,0,0,0,0,0,0,0,0,0,0,0,0,0,0,0,0,0,0,0,0,0,0,0,0,0,1,0,1,0,0,0,1,0,2,2,1,5,4,1,1,1,1,1,1,0,2,1,2,1,2,1,2,2,2,1,0,0,1,1,0,1,2,0,0,0,1,2,0,2,1,0,0,1,0,0,0,0,0,0,0,1,0,0,0,0,0,0,0,0,0,0,0,0
,,AHT,0,0,0,0,0,0,0,0,0,0,0,0,0,0,0,0,0,0,0,0,0,0,0,0,0,0,0,0,5,0,11,0,0,0,179,0,262.5,762,5,79.8,351.75,"3,033",5,743,5,465,287,0,6.5,"1,066",81.5,777,568,886,121,352.5,422,506,0,0,452,457,0,369,5,0,0,0,210,123.5,0,131,181,0,0,5,0,0,0,0,0,0,0,29,0,0,0,0,0,0,0,0,0,0,0,0
,,prcAbandono,0,0,0,0,0,0,0,0,0,0,0,0,0,0,0,0,0,0,0,0,0,0,0,0,0,0,0,0,0,0,0,0,0,0,0,0,0,0,0,0,0,0,0,0,0,0,0,0,0,0,0,0,0,0,0,0,0,0,0,0,0,0,0,0,0,0,0,0,0,0,0,0,0,0,0,0,0,0,0,0,0,0,0,0,0,0,0,0,0,0,0,0,0,0,0,0
,,SL,0,0,0,0,0,0,0,0,0,0,0,0,0,0,0,0,0,0,0,0,0,0,0,0,0,0,0,0,100,0,100,0,0,0,100,0,100,100,100,100,100,100,100,100,100,100,100,0,100,100,100,100,100,100,100,100,100,100,0,0,100,100,0,100,100,0,0,0,100,100,0,100,100,0,0,100,0,0,0,0,0,0,0,100,0,0,0,0,0,0,0,0,0,0,0,0
,,ASA,00:00:00,00:00:00,00:00:00,00:00:00,00:00:00,00:00:00,00:00:00,00:00:00,00:00:00,00:00:00,00:00:00,00:00:00,00:00:00,00:00:00,00:00:00,00:00:00,00:00:00,00:00:00,00:00:00,00:00:00,00:00:00,00:00:00,00:00:00,00:00:00,00:00:00,00:00:00,00:00:00,00:00:00,00:00:00,00:00:00,00:00:08,00:00:00,00:00:00,00:00:00,00:00:00,00:00:00,00:00:00,00:00:00,00:00:00,00:00:00,00:00:00,00:00:00,00:00:00,00:00:00,00:00:00,00:00:00,00:00:00,00:00:00,00:00:00,00:00:01,00:00:00,00:00:00,00:00:00,00:00:00,00:00:00,00:00:00,00:00:00,00:00:00,00:00:00,00:00:00,00:00:00,00:00:00,00:00:00,00:00:00,00:00:00,00:00:00,00:00:00,00:00:00,00:00:00,00:00:00,00:00:00,00:00:00,00:00:00,00:00:00,00:00:00,00:00:00,00:00:00,00:00:00,00:00:00,00:00:00,00:00:00,00:00:00,00:00:00,00:00:00,00:00:00,00:00:00,00:00:00,00:00:00,00:00:00,00:00:00,00:00:00,00:00:00,00:00:00,00:00:00,00:00:00,00:00:00
,,Aba_<10_seg,0,0,0,0,0,0,0,0,0,0,0,0,0,0,0,0,0,0,0,0,0,0,0,0,0,0,0,0,0,0,0,0,0,0,0,0,0,0,0,0,0,0,0,0,0,0,0,0,0,0,0,0,0,0,0,0,0,0,0,0,0,0,0,0,0,0,0,0,0,0,0,0,0,0,0,0,0,0,0,0,0,0,0,0,0,0,0,0,0,0,0,0,0,0,0,0
,,Abandonas,0,0,0,0,0,0,0,0,0,0,0,0,0,0,0,0,0,0,0,0,0,0,0,0,0,0,0,0,0,0,0,0,0,0,0,0,0,0,0,0,0,0,0,0,0,0,0,0,0,0,0,0,0,0,0,0,0,0,0,0,0,0,0,0,0,0,0,0,0,0,0,0,0,0,0,0,0,0,0,0,0,0,0,0,0,0,0,0,0,0,0,0,0,0,0,0
,,Promedio_Aba,00:00:00,00:00:00,00:00:00,00:00:00,00:00:00,00:00:00,00:00:00,00:00:00,00:00:00,00:00:00,00:00:00,00:00:00,00:00:00,00:00:00,00:00:00,00:00:00,00:00:00,00:00:00,00:00:00,00:00:00,00:00:00,00:00:00,00:00:00,00:00:00,00:00:00,00:00:00,00:00:00,00:00:00,00:00:00,00:00:00,00:00:00,00:00:00,00:00:00,00:00:00,00:00:00,00:00:00,00:00:00,00:00:00,00:00:00,00:00:00,00:00:00,00:00:00,00:00:00,00:00:00,00:00:00,00:00:00,00:00:00,00:00:00,00:00:00,00:00:00,00:00:00,00:00:00,00:00:00,00:00:00,00:00:00,00:00:00,00:00:00,00:00:00,00:00:00,00:00:00,00:00:00,00:00:00,00:00:00,00:00:00,00:00:00,00:00:00,00:00:00,00:00:00,00:00:00,00:00:00,00:00:00,00:00:00,00:00:00,00:00:00,00:00:00,00:00:00,00:00:00,00:00:00,00:00:00,00:00:00,00:00:00,00:00:00,00:00:00,00:00:00,00:00:00,00:00:00,00:00:00,00:00:00,00:00:00,00:00:00,00:00:00,00:00:00,00:00:00,00:00:00,00:00:00,00:00:00
,,TotalCleared,0,0,0,0,0,0,0,0,0,0,0,0,0,0,0,0,0,0,0,0,0,0,0,0,0,0,0,0,0,0,0,0,0,0,0,0,0,0,0,0,0,0,0,0,0,0,0,0,0,0,0,0,0,0,0,0,0,0,0,0,0,0,0,0,0,0,0,0,0,0,0,0,0,0,0,0,0,0,0,0,0,0,0,0,0,0,0,0,0,0,0,0,0,0,0,0
VQ_986_STAT_REPORTE_SIP,KPIS,TalkTime,00:00:00,00:00:00,00:00:00,00:00:00,00:00:00,00:00:00,00:00:00,00:00:00,00:00:00,00:00:00,00:00:00,00:00:00,00:00:00,00:00:00,00:00:00,00:00:00,00:00:00,00:00:00,00:00:00,00:00:00,00:00:00,00:00:00,00:00:00,00:00:00,00:00:00,00:00:00,00:00:00,00:00:00,00:00:00,00:00:00,00:00:00,00:00:00,00:00:00,00:00:00,00:02:44,00:00:00,00:16:08,00:03:14,00:15:30,00:12:52,00:07:52,00:09:12,00:14:55,01:06:33,00:12:58,00:15:53,00:25:26,00:14:21,00:00:03,00:00:00,00:00:00,00:23:59,00:33:03,00:40:02,00:07:42,00:43:14,00:19:33,00:13:17,00:01:53,00:14:09,00:42:27,00:05:00,00:06:02,00:17:53,00:00:00,00:08:28,00:24:33,00:43:54,00:09:57,00:11:44,00:16:28,00:06:17,00:01:40,00:00:00,00:00:00,00:00:00,00:00:00,00:00:00,00:00:00,00:00:00,00:00:00,00:00:00,00:00:00,00:00:00,00:00:00,00:00:00,00:00:00,00:00:00,00:00:00,00:00:00,00:00:00,00:00:00,00:00:00,00:00:00,00:00:00,00:00:00
,,Recibidas,0,0,0,0,0,0,0,0,0,0,0,0,0,0,0,0,0,0,0,0,0,0,0,0,0,0,0,0,0,0,0,0,0,0,1,1,0,3,1,1,2,5,1,1,2,2,2,1,1,0,1,2,7,3,4,0,3,0,3,2,1,1,2,2,2,2,1,1,1,1,0,2,0,0,0,0,0,0,0,0,0,0,0,0,0,0,0,0,0,0,0,0,0,0,0,0
,,Contestadas,0,0,0,0,0,0,0,0,0,0,0,0,0,0,0,0,0,0,0,0,0,0,0,0,0,0,0,0,0,0,0,0,0,0,1,1,0,3,1,1,2,4,0,1,2,2,2,1,1,0,1,2,7,3,4,0,3,0,3,2,1,1,2,2,2,2,1,1,1,1,0,2,0,0,0,0,0,0,0,0,0,0,0,0,0,0,0,0,0,0,0,0,0,0,0,0
,,AHT,0,0,0,0,0,0,0,0,0,0,0,0,0,0,0,0,0,0,0,0,0,0,0,0,0,0,0,0,0,0,0,0,0,0,169,5,0,69.67,935,777,241,143,0,"3,998",394,481.5,768,866,8,0,5,724.5,288.29,805.67,120.5,0,396,0,42.67,429.5,"2,552",305,186,541.5,5,259,"1,478","2,639",602,709,0,193.5,0,0,0,0,0,0,0,0,0,0,0,0,0,0,0,0,0,0,0,0,0,0,0,0
,,prcAbandono,0,0,0,0,0,0,0,0,0,0,0,0,0,0,0,0,0,0,0,0,0,0,0,0,0,0,0,0,0,0,0,0,0,0,0,0,0,0,0,0,0,0.2,1,0,0,0,0,0,0,0,0,0,0,0,0,0,0,0,0,0,0,0,0,0,0,0,0,0,0,0,0,0,0,0,0,0,0,0,0,0,0,0,0,0,0,0,0,0,0,0,0,0,0,0,0,0
,,SL,0,0,0,0,0,0,0,0,0,0,0,0,0,0,0,0,0,0,0,0,0,0,0,0,0,0,0,0,0,0,0,0,0,0,100,100,0,100,100,100,100,20,0,100,100,100,100,100,100,0,100,100,100,100,100,0,100,0,100,100,100,100,100,100,100,100,100,100,100,100,0,100,0,0,0,0,0,0,0,0,0,0,0,0,0,0,0,0,0,0,0,0,0,0,0,0
,,ASA,00:00:00,00:00:00,00:00:00,00:00:00,00:00:00,00:00:00,00:00:00,00:00:00,00:00:00,00:00:00,00:00:00,00:00:00,00:00:00,00:00:00,00:00:00,00:00:00,00:00:00,00:00:00,00:00:00,00:00:00,00:00:00,00:00:00,00:00:00,00:00:00,00:00:00,00:00:00,00:00:00,00:00:00,00:00:00,00:00:00,00:00:00,00:00:00,00:00:00,00:00:00,00:00:00,00:00:00,00:00:00,00:00:02,00:00:00,00:00:00,00:00:00,00:01:08,00:00:00,00:00:00,00:00:00,00:00:00,00:00:00,00:00:00,00:00:00,00:00:00,00:00:00,00:00:00,00:00:00,00:00:00,00:00:00,00:00:00,00:00:00,00:00:00,00:00:00,00:00:00,00:00:00,00:00:00,00:00:00,00:00:00,00:00:00,00:00:00,00:00:00,00:00:00,00:00:00,00:00:00,00:00:00,00:00:00,00:00:00,00:00:00,00:00:00,00:00:00,00:00:00,00:00:00,00:00:00,00:00:00,00:00:00,00:00:00,00:00:00,00:00:00,00:00:00,00:00:00,00:00:00,00:00:00,00:00:00,00:00:00,00:00:00,00:00:00,00:00:00,00:00:00,00:00:00,00:00:00
,,Aba_<10_seg,0,0,0,0,0,0,0,0,0,0,0,0,0,0,0,0,0,0,0,0,0,0,0,0,0,0,0,0,0,0,0,0,0,0,0,0,0,0,0,0,0,0,0,0,0,0,0,0,0,0,0,0,0,0,0,0,0,0,0,0,0,0,0,0,0,0,0,0,0,0,0,0,0,0,0,0,0,0,0,0,0,0,0,0,0,0,0,0,0,0,0,0,0,0,0,0
,,Abandonas,0,0,0,0,0,0,0,0,0,0,0,0,0,0,0,0,0,0,0,0,0,0,0,0,0,0,0,0,0,0,0,0,0,0,0,0,0,0,0,0,0,1,1,0,0,0,0,0,0,0,0,0,0,0,0,0,0,0,0,0,0,0,0,0,0,0,0,0,0,0,0,0,0,0,0,0,0,0,0,0,0,0,0,0,0,0,0,0,0,0,0,0,0,0,0,0
,,Promedio_Aba,00:00:00,00:00:00,00:00:00,00:00:00,00:00:00,00:00:00,00:00:00,00:00:00,00:00:00,00:00:00,00:00:00,00:00:00,00:00:00,00:00:00,00:00:00,00:00:00,00:00:00,00:00:00,00:00:00,00:00:00,00:00:00,00:00:00,00:00:00,00:00:00,00:00:00,00:00:00,00:00:00,00:00:00,00:00:00,00:00:00,00:00:00,00:00:00,00:00:00,00:00:00,00:00:00,00:00:00,00:00:00,00:00:00,00:00:00,00:00:00,00:00:00,00:01:20,00:00:12,00:00:00,00:00:00,00:00:00,00:00:00,00:00:00,00:00:00,00:00:00,00:00:00,00:00:00,00:00:00,00:00:00,00:00:00,00:00:00,00:00:00,00:00:00,00:00:00,00:00:00,00:00:00,00:00:00,00:00:00,00:00:00,00:00:00,00:00:00,00:00:00,00:00:00,00:00:00,00:00:00,00:00:00,00:00:00,00:00:00,00:00:00,00:00:00,00:00:00,00:00:00,00:00:00,00:00:00,00:00:00,00:00:00,00:00:00,00:00:00,00:00:00,00:00:00,00:00:00,00:00:00,00:00:00,00:00:00,00:00:00,00:00:00,00:00:00,00:00:00,00:00:00,00:00:00,00:00:00
,,TotalCleared,0,0,0,0,0,0,0,0,0,0,0,0,0,0,0,0,0,0,0,0,0,0,0,0,0,0,0,0,0,0,0,0,0,0,0,0,0,0,0,0,0,0,0,0,0,0,0,0,0,0,0,0,0,0,0,0,0,0,0,0,0,0,0,0,0,0,0,0,0,0,0,0,0,0,0,0,0,0,0,0,0,0,0,0,0,0,0,0,0,0,0,0,0,0,0,0
VQ_987_DESBLOQUEO_SIP,KPIS,TalkTime,00:00:00,00:00:00,00:00:00,00:00:00,00:00:00,00:00:00,00:00:00,00:00:00,00:00:00,00:00:00,00:00:00,00:00:00,00:00:00,00:00:00,00:00:00,00:00:00,00:00:00,00:00:00,00:00:00,00:00:00,00:00:00,00:00:00,00:00:00,00:00:00,00:00:00,00:00:00,00:00:00,00:00:00,00:00:00,00:00:00,00:06:15,00:00:00,00:00:00,00:02:07,00:04:45,00:20:16,00:24:03,00:36:38,00:44:08,00:35:13,00:00:00,00:33:49,00:56:05,00:27:38,00:30:47,00:17:22,00:48:36,00:19:48,00:20:05,00:24:22,00:28:41,00:37:20,00:18:11,00:21:36,01:04:24,00:23:44,00:23:29,00:13:43,00:16:16,00:29:56,00:12:09,00:16:54,00:28:19,00:06:33,00:09:49,00:25:13,00:17:49,00:19:37,00:51:46,00:00:08,00:10:51,00:00:00,00:04:44,00:00:00,00:08:46,00:05:26,00:00:00,00:00:00,00:00:00,00:00:00,00:00:00,00:00:00,00:00:00,00:00:00,00:00:00,00:00:00,00:00:00,00:00:00,00:00:00,00:00:00,00:00:00,00:00:00,00:00:00,00:00:00,00:00:00,00:00:00
,,Recibidas,0,0,0,0,0,0,0,0,0,0,0,0,0,0,0,0,0,0,0,0,0,0,0,0,0,0,0,0,0,1,1,0,0,1,4,3,7,10,6,3,1,7,3,8,2,8,4,2,4,6,6,8,3,8,2,4,6,2,4,3,3,2,2,3,3,3,3,5,3,3,4,1,0,1,1,1,0,0,0,0,0,0,0,0,0,0,0,0,0,0,0,0,0,0,0,0
,,Contestadas,0,0,0,0,0,0,0,0,0,0,0,0,0,0,0,0,0,0,0,0,0,0,0,0,0,0,0,0,0,0,1,0,0,1,4,3,7,10,6,3,1,7,3,8,2,8,4,2,4,6,6,8,3,8,2,4,6,2,4,3,3,2,2,3,3,3,3,5,3,3,4,1,0,1,1,1,0,0,0,0,0,0,0,0,0,0,0,0,0,0,0,0,0,0,0,0
,,AHT,0,0,0,0,0,0,0,0,0,0,0,0,0,0,0,0,0,0,0,0,0,0,0,0,0,0,0,0,0,0,380,0,0,132,76.25,410.33,211.14,224.8,446.33,709.33,5,294.86,"1,126.67",212.25,928.5,135.25,734,599,306.25,248.67,291.83,285,368.67,167,"1,937",361,239.83,416.5,249,603.67,248,512,854.5,136,201.33,509.33,361.33,240.4,"1,040.33",7.67,167.75,5,0,5,531,331,0,0,0,0,0,0,0,0,0,0,0,0,0,0,0,0,0,0,0,0
,,prcAbandono,0,0,0,0,0,0,0,0,0,0,0,0,0,0,0,0,0,0,0,0,0,0,0,0,0,0,0,0,0,1,0,0,0,0,0,0,0,0,0,0,0,0,0,0,0,0,0,0,0,0,0,0,0,0,0,0,0,0,0,0,0,0,0,0,0,0,0,0,0,0,0,0,0,0,0,0,0,0,0,0,0,0,0,0,0,0,0,0,0,0,0,0,0,0,0,0
,,SL,0,0,0,0,0,0,0,0,0,0,0,0,0,0,0,0,0,0,0,0,0,0,0,0,0,0,0,0,0,0,100,0,0,100,100,100,100,100,100,100,100,85.71,100,100,100,100,100,100,100,100,100,100,100,100,100,100,100,100,100,100,100,100,100,100,100,100,100,100,100,100,100,100,0,100,100,100,0,0,0,0,0,0,0,0,0,0,0,0,0,0,0,0,0,0,0,0
,,ASA,00:00:00,00:00:00,00:00:00,00:00:00,00:00:00,00:00:00,00:00:00,00:00:00,00:00:00,00:00:00,00:00:00,00:00:00,00:00:00,00:00:00,00:00:00,00:00:00,00:00:00,00:00:00,00:00:00,00:00:00,00:00:00,00:00:00,00:00:00,00:00:00,00:00:00,00:00:00,00:00:00,00:00:00,00:00:00,00:00:00,00:00:00,00:00:00,00:00:00,00:00:00,00:00:00,00:00:00,00:00:00,00:00:00,00:00:00,00:00:00,00:00:00,00:00:05,00:00:00,00:00:00,00:00:00,00:00:00,00:00:00,00:00:00,00:00:00,00:00:00,00:00:00,00:00:00,00:00:00,00:00:00,00:00:00,00:00:00,00:00:00,00:00:00,00:00:00,00:00:00,00:00:00,00:00:00,00:00:00,00:00:00,00:00:00,00:00:00,00:00:00,00:00:00,00:00:00,00:00:00,00:00:00,00:00:00,00:00:00,00:00:00,00:00:01,00:00:01,00:00:00,00:00:00,00:00:00,00:00:00,00:00:00,00:00:00,00:00:00,00:00:00,00:00:00,00:00:00,00:00:00,00:00:00,00:00:00,00:00:00,00:00:00,00:00:00,00:00:00,00:00:00,00:00:00,00:00:00
,,Aba_<10_seg,0,0,0,0,0,0,0,0,0,0,0,0,0,0,0,0,0,0,0,0,0,0,0,0,0,0,0,0,0,0,0,0,0,0,0,0,0,0,0,0,0,0,0,0,0,0,0,0,0,0,0,0,0,0,0,0,0,0,0,0,0,0,0,0,0,0,0,0,0,0,0,0,0,0,0,0,0,0,0,0,0,0,0,0,0,0,0,0,0,0,0,0,0,0,0,0
,,Abandonas,0,0,0,0,0,0,0,0,0,0,0,0,0,0,0,0,0,0,0,0,0,0,0,0,0,0,0,0,0,1,0,0,0,0,0,0,0,0,0,0,0,0,0,0,0,0,0,0,0,0,0,0,0,0,0,0,0,0,0,0,0,0,0,0,0,0,0,0,0,0,0,0,0,0,0,0,0,0,0,0,0,0,0,0,0,0,0,0,0,0,0,0,0,0,0,0
,,Promedio_Aba,00:00:00,00:00:00,00:00:00,00:00:00,00:00:00,00:00:00,00:00:00,00:00:00,00:00:00,00:00:00,00:00:00,00:00:00,00:00:00,00:00:00,00:00:00,00:00:00,00:00:00,00:00:00,00:00:00,00:00:00,00:00:00,00:00:00,00:00:00,00:00:00,00:00:00,00:00:00,00:00:00,00:00:00,00:00:00,00:00:31,00:00:00,00:00:00,00:00:00,00:00:00,00:00:00,00:00:00,00:00:00,00:00:00,00:00:00,00:00:00,00:00:00,00:00:00,00:00:00,00:00:00,00:00:00,00:00:00,00:00:00,00:00:00,00:00:00,00:00:00,00:00:00,00:00:00,00:00:00,00:00:00,00:00:00,00:00:00,00:00:00,00:00:00,00:00:00,00:00:00,00:00:00,00:00:00,00:00:00,00:00:00,00:00:00,00:00:00,00:00:00,00:00:00,00:00:00,00:00:00,00:00:00,00:00:00,00:00:00,00:00:00,00:00:00,00:00:00,00:00:00,00:00:00,00:00:00,00:00:00,00:00:00,00:00:00,00:00:00,00:00:00,00:00:00,00:00:00,00:00:00,00:00:00,00:00:00,00:00:00,00:00:00,00:00:00,00:00:00,00:00:00,00:00:00,00:00:00
,,TotalCleared,0,0,0,0,0,0,0,0,0,0,0,0,0,0,0,0,0,0,0,0,0,0,0,0,0,0,0,0,0,0,0,0,0,0,0,0,0,0,0,0,0,0,0,0,0,0,0,0,0,0,0,0,0,0,0,0,0,0,0,0,0,0,0,0,0,0,0,0,0,0,0,0,0,0,0,0,0,0,0,0,0,0,0,0,0,0,0,0,0,0,0,0,0,0,0,0
